MSW05_Binomial,MSW05_Order,MSW05_Family,domestic
Ammotragus lervia,Artiodactyla,Bovidae,0
Axis axis,Artiodactyla,Cervidae,0
Blastocerus dichotomus,Artiodactyla,Cervidae,0
Bos taurus,Artiodactyla,Bovidae,1
Capra hircus,Artiodactyla,Bovidae,1
Catagonus wagneri,Artiodactyla,Tayassuidae,0
Cervus canadensis,Artiodactyla,Cervidae,0
Cervus elaphus,Artiodactyla,Cervidae,0
Dama dama,Artiodactyla,Cervidae,0
Hippocamelus antisensis,Artiodactyla,Cervidae,0
Hippocamelus bisulcus,Artiodactyla,Cervidae,0
Lama guanicoe,Artiodactyla,Camelidae,0
Mazama americana,Artiodactyla,Cervidae,0
Mazama bororo,Artiodactyla,Cervidae,0
Mazama bricenii,Artiodactyla,Cervidae,0
Mazama chunyi,Artiodactyla,Cervidae,0
Mazama gouazoubira,Artiodactyla,Cervidae,0
Mazama nana,Artiodactyla,Cervidae,0
Mazama nemorivaga,Artiodactyla,Cervidae,0
Mazama pandora,Artiodactyla,Cervidae,0
Mazama rufina,Artiodactyla,Cervidae,0
Mazama temama,Artiodactyla,Cervidae,0
Odocoileus virginianus,Artiodactyla,Cervidae,0
Ovis aries,Artiodactyla,Bovidae,1
Ozotoceros bezoarticus,Artiodactyla,Cervidae,0
Pecari tajacu,Artiodactyla,Tayassuidae,0
Pudu mephistophiles,Artiodactyla,Cervidae,0
Pudu puda,Artiodactyla,Cervidae,0
Sus scrofa,Artiodactyla,Suidae,0
Tayassu pecari,Artiodactyla,Tayassuidae,0
Vicugna vicugna,Artiodactyla,Camelidae,0
Atelocynus microtis,Carnivora,Canidae,0
Bassaricyon alleni,Carnivora,Procyonidae,0
Bassaricyon gabbii,Carnivora,Procyonidae,0
Bassaricyon medius,Carnivora,Procyonidae,0
Bassaricyon neblina,Carnivora,Procyonidae,0
Bassariscus astutus,Carnivora,Procyonidae,0
Bassariscus sumichrasti,Carnivora,Procyonidae,0
Canis familiaris,Carnivora,Canidae,1
Canis latrans,Carnivora,Canidae,0
Canis lupus,Carnivora,Canidae,0
Cerdocyon thous,Carnivora,Canidae,0
Chrysocyon brachyurus,Carnivora,Canidae,0
Conepatus chinga,Carnivora,Mephitidae,0
Conepatus humboldtii,Carnivora,Mephitidae,0
Conepatus leuconotus,Carnivora,Mephitidae,0
Conepatus semistriatus,Carnivora,Mephitidae,0
Dusicyon avus,Carnivora,Caviidae,0
Eira barbara,Carnivora,Mustelidae,0
Felis catus,Carnivora,Felidae,1
Galictis cuja,Carnivora,Mustelidae,0
Galictis vittata,Carnivora,Mustelidae,0
Herpestes javanicus,Carnivora,Herpestidae,0
Leopardus colocolo,Carnivora,Felidae,0
Leopardus geoffroyi,Carnivora,Felidae,0
Leopardus guigna,Carnivora,Felidae,0
Leopardus guttulus,Carnivora,Felidae,0
Leopardus pardalis,Carnivora,Felidae,0
Leopardus tigrinus,Carnivora,Felidae,0
Leopardus wiedii,Carnivora,Felidae,0
Lontra longicaudis,Carnivora,Mustelidae,0
Lontra provocax,Carnivora,Mustelidae,0
Lycalopex culpaeus,Carnivora,Canidae,0
Lycalopex fulvipes,Carnivora,Canidae,0
Lycalopex griseus,Carnivora,Canidae,0
Lycalopex gymnocercus,Carnivora,Canidae,0
Lycalopex sechurae,Carnivora,Canidae,0
Lycalopex vetulus,Carnivora,Canidae,0
Lyncodon patagonicus,Carnivora,Mustelidae,0
Mephitis macroura,Carnivora,Mephitidae,0
Mustela africana,Carnivora,Mustelidae,0
Mustela felipei,Carnivora,Mustelidae,0
Mustela frenata,Carnivora,Mustelidae,0
Nasua narica,Carnivora,Procyonidae,0
Nasua nasua,Carnivora,Procyonidae,0
Nasuella meridensis,Carnivora,Procyonidae,0
Nasuella olivacea,Carnivora,Procyonidae,0
Neovison vison,Carnivora,Mustelidae,0
Oreailurus jacobita,Carnivora,Felidae,0
Otaria byronia,Carnivora,Otariidae,0
Panthera onca,Carnivora,Felidae,0
Potos flavus,Carnivora,Procyonidae,0
Procyon cancrivorus,Carnivora,Procyonidae,0
Procyon lotor,Carnivora,Procyonidae,0
Procyon pygmaeus,Carnivora,Procyonidae,0
Pteronura brasiliensis,Carnivora,Mustelidae,0
Puma concolor,Carnivora,Felidae,0
Puma yagouaroundi,Carnivora,Felidae,0
Speothos venaticus,Carnivora,Canidae,0
Spilogale angustifrons,Carnivora,Mephitidae,0
Spilogale gracilis,Carnivora,Mephitidae,0
Spilogale pygmaea,Carnivora,Mephitidae,0
Tremarctos ornatus,Carnivora,Ursidae,0
Urocyon cinereoargenteus,Carnivora,Canidae,0
Vulpes vulpes,Carnivora,Canidae,0
Inia geoffrensis,Cetacea,Iniidae,0
Ametrida centurio,Chiroptera,Phyllostomidae,0
Amorphochilus schnablii,Chiroptera,Furipteridae,0
Anoura aequatoris,Chiroptera,Phyllostomidae,0
Anoura cadenai,Chiroptera,Phyllostomidae,0
Anoura caudifer,Chiroptera,Phyllostomidae,0
Anoura cultrata,Chiroptera,Phyllostomidae,0
Anoura fistulata,Chiroptera,Phyllostomidae,0
Anoura geoffroyi,Chiroptera,Phyllostomidae,0
Anoura latidens,Chiroptera,Phyllostomidae,0
Anoura luismanueli,Chiroptera,Phyllostomidae,0
Anoura peruana,Chiroptera,Phyllostomidae,0
Antrozous pallidus,Chiroptera,Vespertilionidae,0
Ardops nichollsi,Chiroptera,Phyllostomidae,0
Ariteus flavescens,Chiroptera,Phyllostomidae,0
Artibeus aequatorialis,Chiroptera,Phyllostomidae,0
Artibeus amplus,Chiroptera,Phyllostomidae,0
Artibeus concolor,Chiroptera,Phyllostomidae,0
Artibeus fimbriatus,Chiroptera,Phyllostomidae,0
Artibeus fraterculus,Chiroptera,Phyllostomidae,0
Artibeus hirsutus,Chiroptera,Phyllostomidae,0
Artibeus inopinatus,Chiroptera,Phyllostomidae,0
Artibeus jamaicensis,Chiroptera,Phyllostomidae,0
Artibeus lituratus,Chiroptera,Phyllostomidae,0
Artibeus obscurus,Chiroptera,Phyllostomidae,0
Artibeus phaeotis,Chiroptera,Phyllostomidae,0
Artibeus planirostris,Chiroptera,Phyllostomidae,0
Artibeus schwartzi,Chiroptera,Phyllostomidae,0
Balantiopteryx infusca,Chiroptera,Emballonuridae,0
Balantiopteryx io,Chiroptera,Emballonuridae,0
Balantiopteryx plicata,Chiroptera,Emballonuridae,0
Bauerus dubiaquercus,Chiroptera,Vespertilionidae,0
Brachyphylla cavernarum,Chiroptera,Phyllostomidae,0
Brachyphylla nana,Chiroptera,Phyllostomidae,0
Carollia benkeithi,Chiroptera,Phyllostomidae,0
Carollia brevicauda,Chiroptera,Phyllostomidae,0
Carollia castanea,Chiroptera,Phyllostomidae,0
Carollia manu,Chiroptera,Phyllostomidae,0
Carollia monohernandezi,Chiroptera,Phyllostomidae,0
Carollia perspicillata,Chiroptera,Phyllostomidae,0
Carollia sowelli,Chiroptera,Phyllostomidae,0
Carollia subrufa,Chiroptera,Phyllostomidae,0
Centronycteris centralis,Chiroptera,Emballonuridae,0
Centronycteris maximiliani,Chiroptera,Emballonuridae,0
Centurio senex,Chiroptera,Phyllostomidae,0
Chilonatalus macer,Chiroptera,Natalidae,0
Chilonatalus micropus,Chiroptera,Natalidae,0
Chilonatalus tumidifrons,Chiroptera,Natalidae,0
Chiroderma doriae,Chiroptera,Phyllostomidae,0
Chiroderma improvisum,Chiroptera,Phyllostomidae,0
Chiroderma salvini,Chiroptera,Phyllostomidae,0
Chiroderma trinitatum,Chiroptera,Phyllostomidae,0
Chiroderma villosum,Chiroptera,Phyllostomidae,0
Chiroderma vizottoi,Chiroptera,Phyllostomidae,0
Chiropotes sagulatus,Chiroptera,Pitheciidae,0
Choeroniscus godmani,Chiroptera,Phyllostomidae,0
Choeroniscus minor,Chiroptera,Phyllostomidae,0
Choeroniscus periosus,Chiroptera,Phyllostomidae,0
Choeronycteris mexicana,Chiroptera,Phyllostomidae,0
Chrotopterus auritus,Chiroptera,Phyllostomidae,0
Cormura brevirostris,Chiroptera,Emballonuridae,0
Corynorhinus mexicanus,Chiroptera,Vespertilionidae,0
Cynomops abrasus,Chiroptera,Molossidae,0
Cynomops greenhalli,Chiroptera,Molossidae,0
Cynomops mexicanus,Chiroptera,Molossidae,0
Cynomops milleri,Chiroptera,Molossidae,0
Cynomops paranus,Chiroptera,Molossidae,0
Cynomops planirostris,Chiroptera,Molossidae,0
Cyttarops alecto,Chiroptera,Emballonuridae,0
Dermanura anderseni,Chiroptera,Phyllostomidae,0
Dermanura azteca,Chiroptera,Phyllostomidae,0
Dermanura bogotensis,Chiroptera,Phyllostomidae,0
Dermanura cinerea,Chiroptera,Phyllostomidae,0
Dermanura glauca,Chiroptera,Phyllostomidae,0
Dermanura gnoma,Chiroptera,Phyllostomidae,0
Dermanura rosenbergi,Chiroptera,Phyllostomidae,0
Dermanura tolteca,Chiroptera,Phyllostomidae,0
Dermanura watsoni,Chiroptera,Phyllostomidae,0
Desmodus rotundus,Chiroptera,Phyllostomidae,0
Diaemus youngi,Chiroptera,Phyllostomidae,0
Diclidurus albus,Chiroptera,Emballonuridae,0
Diclidurus ingens,Chiroptera,Emballonuridae,0
Diclidurus isabella,Chiroptera,Emballonuridae,0
Diclidurus scutatus,Chiroptera,Emballonuridae,0
Diphylla ecaudata,Chiroptera,Phyllostomidae,0
Dryadonycteris capixaba,Chiroptera,Phyllostomidae,0
Drymoreomys albimaculatus,Chiroptera,Phyllostomidae,0
Ectophylla alba,Chiroptera,Phyllostomidae,0
Enchisthenes hartii,Chiroptera,Phyllostomidae,0
Eptesicus andinus,Chiroptera,Vespertilionidae,0
Eptesicus brasiliensis,Chiroptera,Vespertilionidae,0
Eptesicus chiriquinus,Chiroptera,Vespertilionidae,0
Eptesicus diminutus,Chiroptera,Vespertilionidae,0
Eptesicus furinalis,Chiroptera,Vespertilionidae,0
Eptesicus fuscus,Chiroptera,Vespertilionidae,0
Eptesicus guadeloupensis,Chiroptera,Vespertilionidae,0
Eptesicus innoxius,Chiroptera,Vespertilionidae,0
Eptesicus taddeii,Chiroptera,Vespertilionidae,0
Erophylla bombifrons,Chiroptera,Phyllostomidae,0
Erophylla sezekorni,Chiroptera,Phyllostomidae,0
Euderma maculatum,Chiroptera,Vespertilionidae,0
Eumops auripendulus,Chiroptera,Molossidae,0
Eumops bonariensis,Chiroptera,Molossidae,0
Eumops dabbenei,Chiroptera,Molossidae,0
Eumops delticus,Chiroptera,Molossidae,0
Eumops ferox,Chiroptera,Molossidae,0
Eumops glaucinus,Chiroptera,Molossidae,0
Eumops hansae,Chiroptera,Molossidae,0
Eumops maurus,Chiroptera,Molossidae,0
Eumops nanus,Chiroptera,Molossidae,0
Eumops patagonicus,Chiroptera,Molossidae,0
Eumops perotis,Chiroptera,Molossidae,0
Eumops trumbulli,Chiroptera,Molossidae,0
Eumops underwoodi,Chiroptera,Molossidae,0
Eumops wilsoni,Chiroptera,Molossidae,0
Furipterus horrens,Chiroptera,Furipteridae,0
Gardnerycteris koepckeae,Chiroptera,Phyllostomidae,0
Glossophaga commissarisi,Chiroptera,Phyllostomidae,0
Glossophaga leachii,Chiroptera,Phyllostomidae,0
Glossophaga longirostris,Chiroptera,Phyllostomidae,0
Glossophaga morenoi,Chiroptera,Phyllostomidae,0
Glossophaga soricina,Chiroptera,Phyllostomidae,0
Glyphonycteris behnii,Chiroptera,Phyllostomidae,0
Glyphonycteris daviesi,Chiroptera,Phyllostomidae,0
Glyphonycteris sylvestris,Chiroptera,Phyllostomidae,0
Histiotus alienus,Chiroptera,Vespertilionidae,0
Histiotus humboldti,Chiroptera,Vespertilionidae,0
Histiotus laephotis,Chiroptera,Vespertilionidae,0
Histiotus macrotus,Chiroptera,Vespertilionidae,0
Histiotus magellanicus,Chiroptera,Vespertilionidae,0
Histiotus montanus,Chiroptera,Vespertilionidae,0
Histiotus velatus,Chiroptera,Vespertilionidae,0
Hylonycteris underwoodi,Chiroptera,Phyllostomidae,0
Lampronycteris brachyotis,Chiroptera,Phyllostomidae,0
Lasionycteris noctivagans,Chiroptera,Vespertilionidae,0
Lasiurus atratus,Chiroptera,Vespertilionidae,0
Lasiurus blossevillii,Chiroptera,Vespertilionidae,0
Lasiurus borealis,Chiroptera,Vespertilionidae,0
Lasiurus castaneus,Chiroptera,Vespertilionidae,0
Lasiurus cinereus,Chiroptera,Vespertilionidae,0
Lasiurus degelidus,Chiroptera,Vespertilionidae,0
Lasiurus ebenus,Chiroptera,Vespertilionidae,0
Lasiurus ega,Chiroptera,Vespertilionidae,0
Lasiurus egregius,Chiroptera,Vespertilionidae,0
Lasiurus insularis,Chiroptera,Vespertilionidae,0
Lasiurus intermedius,Chiroptera,Vespertilionidae,0
Lasiurus minor,Chiroptera,Vespertilionidae,0
Lasiurus pfeifferi,Chiroptera,Vespertilionidae,0
Lasiurus salinae,Chiroptera,Vespertilionidae,0
Lasiurus varius,Chiroptera,Vespertilionidae,0
Lasiurus xanthinus,Chiroptera,Vespertilionidae,0
Leptonycteris curasoae,Chiroptera,Phyllostomidae,0
Leptonycteris nivalis,Chiroptera,Phyllostomidae,0
Leptonycteris yerbabuenae,Chiroptera,Phyllostomidae,0
Lichonycteris degener,Chiroptera,Phyllostomidae,0
Lichonycteris obscura,Chiroptera,Phyllostomidae,0
Lionycteris spurrelli,Chiroptera,Phyllostomidae,0
Lonchophylla bokermanni,Chiroptera,Phyllostomidae,0
Lonchophylla cadenai,Chiroptera,Phyllostomidae,0
Lonchophylla chocoana,Chiroptera,Phyllostomidae,0
Lonchophylla concava,Chiroptera,Phyllostomidae,0
Lonchophylla dekeyseri,Chiroptera,Phyllostomidae,0
Lonchophylla fornicata,Chiroptera,Phyllostomidae,0
Lonchophylla handleyi,Chiroptera,Phyllostomidae,0
Lonchophylla hesperia,Chiroptera,Phyllostomidae,0
Lonchophylla mordax,Chiroptera,Phyllostomidae,0
Lonchophylla orcesi,Chiroptera,Phyllostomidae,0
Lonchophylla orienticollina,Chiroptera,Phyllostomidae,0
Lonchophylla pattoni,Chiroptera,Phyllostomidae,0
Lonchophylla peracchii,Chiroptera,Phyllostomidae,0
Lonchophylla robusta,Chiroptera,Phyllostomidae,0
Lonchophylla thomasi,Chiroptera,Phyllostomidae,0
Lonchorhina aurita,Chiroptera,Phyllostomidae,0
Lonchorhina fernandezi,Chiroptera,Phyllostomidae,0
Lonchorhina inusitata,Chiroptera,Phyllostomidae,0
Lonchorhina marinkellei,Chiroptera,Phyllostomidae,0
Lonchorhina orinocensis,Chiroptera,Phyllostomidae,0
Lophostoma brasiliense,Chiroptera,Phyllostomidae,0
Lophostoma carrikeri,Chiroptera,Phyllostomidae,0
Lophostoma evotis,Chiroptera,Phyllostomidae,0
Lophostoma kalkoae,Chiroptera,Phyllostomidae,0
Lophostoma occidentalis,Chiroptera,Phyllostomidae,0
Lophostoma schulzi,Chiroptera,Phyllostomidae,0
Lophostoma silvicolum,Chiroptera,Phyllostomidae,0
Macrophyllum macrophyllum,Chiroptera,Phyllostomidae,0
Macrotus waterhousii,Chiroptera,Phyllostomidae,0
Mesophylla macconnelli,Chiroptera,Phyllostomidae,0
Micronycteris brosseti,Chiroptera,Phyllostomidae,0
Micronycteris buriri,Chiroptera,Phyllostomidae,0
Micronycteris giovanniae,Chiroptera,Phyllostomidae,0
Micronycteris hirsuta,Chiroptera,Phyllostomidae,0
Micronycteris matses,Chiroptera,Phyllostomidae,0
Micronycteris megalotis,Chiroptera,Phyllostomidae,0
Micronycteris microtis,Chiroptera,Phyllostomidae,0
Micronycteris minuta,Chiroptera,Phyllostomidae,0
Micronycteris sanborni,Chiroptera,Phyllostomidae,0
Micronycteris schmidtorum,Chiroptera,Phyllostomidae,0
Micronycteris yatesi,Chiroptera,Phyllostomidae,0
Mimon bennettii,Chiroptera,Phyllostomidae,0
Mimon cozumelae,Chiroptera,Phyllostomidae,0
Mimon crenulatum,Chiroptera,Phyllostomidae,0
Molossops aequatorianus,Chiroptera,Molossidae,0
Molossops mattogrossensis,Chiroptera,Molossidae,0
Molossops neglectus,Chiroptera,Molossidae,0
Molossops temminckii,Chiroptera,Molossidae,0
Molossus alvarezi,Chiroptera,Molossidae,0
Molossus aztecus,Chiroptera,Molossidae,0
Molossus bondae,Chiroptera,Molossidae,0
Molossus coibensis,Chiroptera,Molossidae,0
Molossus currentium,Chiroptera,Molossidae,0
Molossus molossus,Chiroptera,Molossidae,0
Molossus pretiosus,Chiroptera,Molossidae,0
Molossus rufus,Chiroptera,Molossidae,0
Molossus sinaloae,Chiroptera,Molossidae,0
Monophyllus plethodon,Chiroptera,Phyllostomidae,0
Monophyllus redmani,Chiroptera,Phyllostomidae,0
Mormoops blainvillei,Chiroptera,Mormoopidae,0
Mormoops megalophylla,Chiroptera,Mormoopidae,0
Mormopterus kalinowskii,Chiroptera,Molossidae,0
Mormopterus minutus,Chiroptera,Molossidae,0
Mormopterus phrudus,Chiroptera,Molossidae,0
Musonycteris harrisoni,Chiroptera,Phyllostomidae,0
Myotis aelleni,Chiroptera,Vespertilionidae,0
Myotis albescens,Chiroptera,Vespertilionidae,0
Myotis atacamensis,Chiroptera,Vespertilionidae,0
Myotis auriculus,Chiroptera,Vespertilionidae,0
Myotis californicus,Chiroptera,Vespertilionidae,0
Myotis chiloensis,Chiroptera,Vespertilionidae,0
Myotis ciliolabrum,Chiroptera,Vespertilionidae,0
Myotis cobanensis,Chiroptera,Vespertilionidae,0
Myotis diminutus,Chiroptera,Vespertilionidae,0
Myotis dinellii,Chiroptera,Vespertilionidae,0
Myotis dominicensis,Chiroptera,Vespertilionidae,0
Myotis elegans,Chiroptera,Vespertilionidae,0
Myotis evotis,Chiroptera,Vespertilionidae,0
Myotis findleyi,Chiroptera,Vespertilionidae,0
Myotis fortidens,Chiroptera,Vespertilionidae,0
Myotis izecksohni,Chiroptera,Vespertilionidae,0
Myotis keaysi,Chiroptera,Vespertilionidae,0
Myotis lavali,Chiroptera,Vespertilionidae,0
Myotis levis,Chiroptera,Vespertilionidae,0
Myotis martiniquensis,Chiroptera,Vespertilionidae,0
Myotis melanorhinus,Chiroptera,Vespertilionidae,0
Myotis nesopolus,Chiroptera,Vespertilionidae,0
Myotis nigricans,Chiroptera,Vespertilionidae,0
Myotis nyctor,Chiroptera,Vespertilionidae,0
Myotis occultus,Chiroptera,Vespertilionidae,0
Myotis oxyotus,Chiroptera,Vespertilionidae,0
Myotis peninsularis,Chiroptera,Vespertilionidae,0
Myotis planiceps,Chiroptera,Vespertilionidae,0
Myotis riparius,Chiroptera,Vespertilionidae,0
Myotis ruber,Chiroptera,Vespertilionidae,0
Myotis simus,Chiroptera,Vespertilionidae,0
Myotis thysanodes,Chiroptera,Vespertilionidae,0
Myotis velifer,Chiroptera,Vespertilionidae,0
Natalus espiritosantensis,Chiroptera,Natalidae,0
Natalus jamaicensis,Chiroptera,Natalidae,0
Natalus major,Chiroptera,Natalidae,0
Natalus mexicanus,Chiroptera,Natalidae,0
Natalus primus,Chiroptera,Natalidae,0
Natalus stramineus,Chiroptera,Natalidae,0
Natalus tumidirostris,Chiroptera,Natalidae,0
Neonycteris pusilla,Chiroptera,Phyllostomidae,0
Noctilio albiventris,Chiroptera,Noctilionidae,0
Noctilio leporinus,Chiroptera,Noctilionidae,0
Nycticeius cubanus,Chiroptera,Vespertilionidae,0
Nyctiellus lepidus,Chiroptera,Natalidae,0
Nyctinomops aurispinosus,Chiroptera,Molossidae,0
Nyctinomops femorosaccus,Chiroptera,Molossidae,0
Nyctinomops laticaudatus,Chiroptera,Molossidae,0
Nyctinomops macrotis,Chiroptera,Molossidae,0
Peropteryx kappleri,Chiroptera,Emballonuridae,0
Peropteryx leucoptera,Chiroptera,Emballonuridae,0
Peropteryx macrotis,Chiroptera,Emballonuridae,0
Peropteryx pallidoptera,Chiroptera,Emballonuridae,0
Peropteryx trinitatis,Chiroptera,Emballonuridae,0
Phylloderma stenops,Chiroptera,Phyllostomidae,0
Phyllonycteris aphylla,Chiroptera,Phyllostomidae,0
Phyllonycteris poeyi,Chiroptera,Phyllostomidae,0
Phyllops falcatus,Chiroptera,Phyllostomidae,0
Phyllostomus discolor,Chiroptera,Phyllostomidae,0
Phyllostomus elongatus,Chiroptera,Phyllostomidae,0
Phyllostomus hastatus,Chiroptera,Phyllostomidae,0
Phyllostomus latifolius,Chiroptera,Phyllostomidae,0
Pipistrellus subflavus,Chiroptera,Vespertilionidae,0
Platalina genovensium,Chiroptera,Phyllostomidae,0
Platyrrhinus albericoi,Chiroptera,Phyllostomidae,0
Platyrrhinus angustirostris,Chiroptera,Phyllostomidae,0
Platyrrhinus aquilus,Chiroptera,Phyllostomidae,0
Platyrrhinus aurarius,Chiroptera,Phyllostomidae,0
Platyrrhinus brachycephalus,Chiroptera,Phyllostomidae,0
Platyrrhinus chocoensis,Chiroptera,Phyllostomidae,0
Platyrrhinus dorsalis,Chiroptera,Phyllostomidae,0
Platyrrhinus fusciventris,Chiroptera,Phyllostomidae,0
Platyrrhinus helleri,Chiroptera,Phyllostomidae,0
Platyrrhinus incarum,Chiroptera,Phyllostomidae,0
Platyrrhinus infuscus,Chiroptera,Phyllostomidae,0
Platyrrhinus ismaeli,Chiroptera,Phyllostomidae,0
Platyrrhinus lineatus,Chiroptera,Phyllostomidae,0
Platyrrhinus masu,Chiroptera,Phyllostomidae,0
Platyrrhinus matapalensis,Chiroptera,Phyllostomidae,0
Platyrrhinus nigellus,Chiroptera,Phyllostomidae,0
Platyrrhinus nitelinea,Chiroptera,Phyllostomidae,0
Platyrrhinus recifinus,Chiroptera,Phyllostomidae,0
Platyrrhinus umbratus,Chiroptera,Phyllostomidae,0
Platyrrhinus vittatus,Chiroptera,Phyllostomidae,0
Promops centralis,Chiroptera,Molossidae,0
Promops davisoni,Chiroptera,Molossidae,0
Promops nasutus,Chiroptera,Molossidae,0
Pteronotus davyi,Chiroptera,Mormoopidae,0
Pteronotus gymnonotus,Chiroptera,Mormoopidae,0
Pteronotus macleayii,Chiroptera,Mormoopidae,0
Pteronotus mesoamericanus,Chiroptera,Mormoopidae,0
Pteronotus paraguanensis,Chiroptera,Mormoopidae,0
Pteronotus parnellii,Chiroptera,Mormoopidae,0
Pteronotus personatus,Chiroptera,Mormoopidae,0
Pteronotus quadridens,Chiroptera,Mormoopidae,0
Pteronotus rubiginosus,Chiroptera,Mormoopidae,0
Pygoderma bilabiatum,Chiroptera,Phyllostomidae,0
Rhinophylla alethina,Chiroptera,Phyllostomidae,0
Rhinophylla fischerae,Chiroptera,Phyllostomidae,0
Rhinophylla pumilio,Chiroptera,Phyllostomidae,0
Rhogeessa aeneus,Chiroptera,Vespertilionidae,0
Rhogeessa alleni,Chiroptera,Vespertilionidae,0
Rhogeessa bickhami,Chiroptera,Vespertilionidae,0
Rhogeessa genowaysi,Chiroptera,Vespertilionidae,0
Rhogeessa gracilis,Chiroptera,Vespertilionidae,0
Rhogeessa hussoni,Chiroptera,Vespertilionidae,0
Rhogeessa io,Chiroptera,Vespertilionidae,0
Rhogeessa menchuae,Chiroptera,Vespertilionidae,0
Rhogeessa minutilla,Chiroptera,Vespertilionidae,0
Rhogeessa parvula,Chiroptera,Vespertilionidae,0
Rhogeessa tumida,Chiroptera,Vespertilionidae,0
Rhogeessa velilla,Chiroptera,Vespertilionidae,0
Rhynchonycteris naso,Chiroptera,Emballonuridae,0
Saccopteryx antioquensis,Chiroptera,Emballonuridae,0
Saccopteryx bilineata,Chiroptera,Emballonuridae,0
Saccopteryx canescens,Chiroptera,Emballonuridae,0
Saccopteryx gymnura,Chiroptera,Emballonuridae,0
Saccopteryx leptura,Chiroptera,Emballonuridae,0
Scleronycteris ega,Chiroptera,Phyllostomidae,0
Sphaeronycteris toxophyllum,Chiroptera,Phyllostomidae,0
Stenoderma rufum,Chiroptera,Phyllostomidae,0
Sturnira angeli,Chiroptera,Phyllostomidae,0
Sturnira aratathomasi,Chiroptera,Phyllostomidae,0
Sturnira bakeri,Chiroptera,Phyllostomidae,0
Sturnira bidens,Chiroptera,Phyllostomidae,0
Sturnira bogotensis,Chiroptera,Phyllostomidae,0
Sturnira burtonlimi,Chiroptera,Phyllostomidae,0
Sturnira erythromos,Chiroptera,Phyllostomidae,0
Sturnira hondurensis,Chiroptera,Phyllostomidae,0
Sturnira koopmanhilli,Chiroptera,Phyllostomidae,0
Sturnira lilium,Chiroptera,Phyllostomidae,0
Sturnira ludovici,Chiroptera,Phyllostomidae,0
Sturnira luisi,Chiroptera,Phyllostomidae,0
Sturnira magna,Chiroptera,Phyllostomidae,0
Sturnira mistratensis,Chiroptera,Phyllostomidae,0
Sturnira mordax,Chiroptera,Phyllostomidae,0
Sturnira nana,Chiroptera,Phyllostomidae,0
Sturnira oporaphilum,Chiroptera,Phyllostomidae,0
Sturnira parvidens,Chiroptera,Phyllostomidae,0
Sturnira paulsoni,Chiroptera,Phyllostomidae,0
Sturnira perla,Chiroptera,Phyllostomidae,0
Sturnira sorianoi,Chiroptera,Phyllostomidae,0
Sturnira tildae,Chiroptera,Phyllostomidae,0
Tadarida brasiliensis,Chiroptera,Molossidae,0
Thyroptera devivoi,Chiroptera,Thyropteridae,0
Thyroptera discifera,Chiroptera,Thyropteridae,0
Thyroptera lavali,Chiroptera,Thyropteridae,0
Thyroptera tricolor,Chiroptera,Thyropteridae,0
Thyroptera wynneae,Chiroptera,Thyropteridae,0
Tomopeas ravus,Chiroptera,Molossidae,0
Tonatia bidens,Chiroptera,Phyllostomidae,0
Tonatia saurophila,Chiroptera,Phyllostomidae,0
Trachops cirrhosus,Chiroptera,Phyllostomidae,0
Trinycteris nicefori,Chiroptera,Phyllostomidae,0
Uroderma bilobatum,Chiroptera,Phyllostomidae,0
Uroderma magnirostrum,Chiroptera,Phyllostomidae,0
Vampyressa melissa,Chiroptera,Phyllostomidae,0
Vampyressa pusilla,Chiroptera,Phyllostomidae,0
Vampyressa thyone,Chiroptera,Phyllostomidae,0
Vampyriscus bidens,Chiroptera,Phyllostomidae,0
Vampyriscus brocki,Chiroptera,Phyllostomidae,0
Vampyriscus nymphaea,Chiroptera,Phyllostomidae,0
Vampyrodes caraccioli,Chiroptera,Phyllostomidae,0
Vampyrodes major,Chiroptera,Phyllostomidae,0
Vampyrum spectrum,Chiroptera,Phyllostomidae,0
Xeronycteris vieirai,Chiroptera,Phyllostomidae,0
Cabassous centralis,Cingulata,Dasypodidae,0
Cabassous chacoensis,Cingulata,Dasypodidae,0
Cabassous tatouay,Cingulata,Dasypodidae,0
Cabassous unicinctus,Cingulata,Dasypodidae,0
Calyptophractus retusus,Cingulata,Dasypodidae,0
Chaetophractus vellerosus,Cingulata,Dasypodidae,0
Chaetophractus villosus,Cingulata,Dasypodidae,0
Chlamyphorus truncatus,Cingulata,Dasypodidae,0
Dasypus hybridus,Cingulata,Dasypodidae,0
Dasypus kappleri,Cingulata,Dasypodidae,0
Dasypus novemcinctus,Cingulata,Dasypodidae,0
Dasypus pilosus,Cingulata,Dasypodidae,0
Dasypus sabanicola,Cingulata,Dasypodidae,0
Dasypus septemcinctus,Cingulata,Dasypodidae,0
Dasypus yepesi,Cingulata,Dasypodidae,0
Euphractus sexcinctus,Cingulata,Dasypodidae,0
Priodontes maximus,Cingulata,Dasypodidae,0
Tolypeutes matacus,Cingulata,Dasypodidae,0
Tolypeutes tricinctus,Cingulata,Dasypodidae,0
Zaedyus pichiy,Cingulata,Dasypodidae,0
Caluromys derbianus,Didelphimorphia,Didelphidae,0
Caluromys lanatus,Didelphimorphia,Didelphidae,0
Caluromys philander,Didelphimorphia,Didelphidae,0
Caluromysiops irrupta,Didelphimorphia,Didelphidae,0
Chacodelphys formosa,Didelphimorphia,Didelphidae,0
Chironectes minimus,Didelphimorphia,Didelphidae,0
Cryptonanus chacoensis,Didelphimorphia,Didelphidae,0
Cryptonanus guahybae,Didelphimorphia,Didelphidae,0
Cryptonanus unduaviensis,Didelphimorphia,Didelphidae,0
Didelphis albiventris,Didelphimorphia,Didelphidae,0
Didelphis aurita,Didelphimorphia,Didelphidae,0
Didelphis imperfecta,Didelphimorphia,Didelphidae,0
Didelphis marsupialis,Didelphimorphia,Didelphidae,0
Didelphis pernigra,Didelphimorphia,Didelphidae,0
Didelphis virginiana,Didelphimorphia,Didelphidae,0
Glironia venusta,Didelphimorphia,Didelphidae,0
Gracilinanus aceramarcae,Didelphimorphia,Didelphidae,0
Gracilinanus agilis,Didelphimorphia,Didelphidae,0
Gracilinanus dryas,Didelphimorphia,Didelphidae,0
Gracilinanus emiliae,Didelphimorphia,Didelphidae,0
Gracilinanus ignitus,Didelphimorphia,Didelphidae,0
Gracilinanus marica,Didelphimorphia,Didelphidae,0
Gracilinanus microtarsus,Didelphimorphia,Didelphidae,0
Hyladelphys kalinowskii,Didelphimorphia,Didelphidae,0
Hylaeamys perenensis,Didelphimorphia,Didelphidae,0
Lestodelphys halli,Didelphimorphia,Didelphidae,0
Lutreolina crassicaudata,Didelphimorphia,Didelphidae,0
Lutreolina massoia,Didelphimorphia,Didelphidae,0
Marmosa alstoni,Didelphimorphia,Didelphidae,0
Marmosa andersoni,Didelphimorphia,Didelphidae,0
Marmosa cinerea,Didelphimorphia,Didelphidae,0
Marmosa constantiae,Didelphimorphia,Didelphidae,0
Marmosa demerarae,Didelphimorphia,Didelphidae,0
Marmosa lepida,Didelphimorphia,Didelphidae,0
Marmosa mexicana,Didelphimorphia,Didelphidae,0
Marmosa murina,Didelphimorphia,Didelphidae,0
Marmosa paraguayana,Didelphimorphia,Didelphidae,0
Marmosa phaea,Didelphimorphia,Didelphidae,0
Marmosa quichua,Didelphimorphia,Didelphidae,0
Marmosa robinsoni,Didelphimorphia,Didelphidae,0
Marmosa rubra,Didelphimorphia,Didelphidae,0
Marmosa tyleriana,Didelphimorphia,Didelphidae,0
Marmosa xerophila,Didelphimorphia,Didelphidae,0
Marmosops bishopi,Didelphimorphia,Didelphidae,0
Marmosops caucae,Didelphimorphia,Didelphidae,0
Marmosops cracens,Didelphimorphia,Didelphidae,0
Marmosops creightoni,Didelphimorphia,Didelphidae,0
Marmosops fuscatus,Didelphimorphia,Didelphidae,0
Marmosops handleyi,Didelphimorphia,Didelphidae,0
Marmosops impavidus,Didelphimorphia,Didelphidae,0
Marmosops incanus,Didelphimorphia,Didelphidae,0
Marmosops invictus,Didelphimorphia,Didelphidae,0
Marmosops juninensis,Didelphimorphia,Didelphidae,0
Marmosops neblina,Didelphimorphia,Didelphidae,0
Marmosops noctivagus,Didelphimorphia,Didelphidae,0
Marmosops ocellatus,Didelphimorphia,Didelphidae,0
Marmosops pakaraimae,Didelphimorphia,Didelphidae,0
Marmosops parvidens,Didelphimorphia,Didelphidae,0
Marmosops paulensis,Didelphimorphia,Didelphidae,0
Marmosops pinheiroi,Didelphimorphia,Didelphidae,0
Metachirus nudicaudatus,Didelphimorphia,Didelphidae,0
Micoureus paraguayanus,Didelphimorphia,Didelphidae,0
Micoureus regina,Didelphimorphia,Didelphidae,0
Monodelphis adusta,Didelphimorphia,Didelphidae,0
Monodelphis americana,Didelphimorphia,Didelphidae,0
Monodelphis brevicaudata,Didelphimorphia,Didelphidae,0
Monodelphis dimidiata,Didelphimorphia,Didelphidae,0
Monodelphis domestica,Didelphimorphia,Didelphidae,0
Monodelphis emiliae,Didelphimorphia,Didelphidae,0
Monodelphis glirina,Didelphimorphia,Didelphidae,0
Monodelphis handleyi,Didelphimorphia,Didelphidae,0
Monodelphis iheringi,Didelphimorphia,Didelphidae,0
Monodelphis kunsi,Didelphimorphia,Didelphidae,0
Monodelphis osgoodi,Didelphimorphia,Didelphidae,0
Monodelphis palliolata,Didelphimorphia,Didelphidae,0
Monodelphis peruviana,Didelphimorphia,Didelphidae,0
Monodelphis reigi,Didelphimorphia,Didelphidae,0
Monodelphis ronaldi,Didelphimorphia,Didelphidae,0
Monodelphis scalops,Didelphimorphia,Didelphidae,0
Monodelphis unistriata,Didelphimorphia,Didelphidae,0
Philander andersoni,Didelphimorphia,Didelphidae,0
Philander deltae,Didelphimorphia,Didelphidae,0
Philander frenatus,Didelphimorphia,Didelphidae,0
Philander mcilhennyi,Didelphimorphia,Didelphidae,0
Philander mondolfii,Didelphimorphia,Didelphidae,0
Philander olrogi,Didelphimorphia,Didelphidae,0
Philander opossum,Didelphimorphia,Didelphidae,0
Thylamys cinderella,Didelphimorphia,Didelphidae,0
Thylamys citellus,Didelphimorphia,Didelphidae,0
Thylamys elegans,Didelphimorphia,Didelphidae,0
Thylamys fenestrae,Didelphimorphia,Didelphidae,0
Thylamys karimii,Didelphimorphia,Didelphidae,0
Thylamys macrurus,Didelphimorphia,Didelphidae,0
Thylamys pallidior,Didelphimorphia,Didelphidae,0
Thylamys pulchellus,Didelphimorphia,Didelphidae,0
Thylamys pusillus,Didelphimorphia,Didelphidae,0
Thylamys tatei,Didelphimorphia,Didelphidae,0
Thylamys velutinus,Didelphimorphia,Didelphidae,0
Thylamys venustus,Didelphimorphia,Didelphidae,0
Tlacuatzin canescens,Didelphimorphia,Didelphidae,0
Lepus alleni,Lagomorpha,Leporidae,0
Lepus europaeus,Lagomorpha,Leporidae,0
Lepus flavigularis,Lagomorpha,Leporidae,0
Oryctolagus cuniculus,Lagomorpha,Leporidae,0
Romerolagus diazi,Lagomorpha,Leporidae,0
Sylvilagus andinus,Lagomorpha,Leporidae,0
Sylvilagus audubonii,Lagomorpha,Leporidae,0
Sylvilagus bachmani,Lagomorpha,Leporidae,0
Sylvilagus brasiliensis,Lagomorpha,Leporidae,0
Sylvilagus cunicularius,Lagomorpha,Leporidae,0
Sylvilagus dicei,Lagomorpha,Leporidae,0
Sylvilagus gabbi,Lagomorpha,Leporidae,0
Sylvilagus graysoni,Lagomorpha,Leporidae,0
Sylvilagus insonus,Lagomorpha,Leporidae,0
Sylvilagus mansuetus,Lagomorpha,Leporidae,0
Sylvilagus palustris,Lagomorpha,Leporidae,0
Sylvilagus sanctaemartae,Lagomorpha,Leporidae,0
Sylvilagus tapetillus,Lagomorpha,Leporidae,0
Sylvilagus varynaensis,Lagomorpha,Leporidae,0
Dromiciops gliroides,Microbiotheria,Microbiotheriidae,0
Caenolestes caniventer,Paucituberculata,Caenolestidae,0
Caenolestes condorensis,Paucituberculata,Caenolestidae,0
Caenolestes convelatus,Paucituberculata,Caenolestidae,0
Caenolestes fuliginosus,Paucituberculata,Caenolestidae,0
Caenolestes sangay,Paucituberculata,Caenolestidae,0
Lestoros inca,Paucituberculata,Caenolestidae,0
Rhyncholestes raphanurus,Paucituberculata,Caenolestidae,0
Equus asinus,Perissodactyla,Equidae,1
Equus caballus,Perissodactyla,Equidae,1
Tapirus bairdii,Perissodactyla,Tapiridae,0
Tapirus pinchaque,Perissodactyla,Tapiridae,0
Tapirus terrestris,Perissodactyla,Tapiridae,0
Bradypus pygmaeus,Pilosa,Bradypodidae,0
Bradypus torquatus,Pilosa,Bradypodidae,0
Bradypus tridactylus,Pilosa,Bradypodidae,0
Bradypus variegatus,Pilosa,Bradypodidae,0
Choloepus didactylus,Pilosa,Megalonychidae,0
Choloepus hoffmanni,Pilosa,Megalonychidae,0
Cyclopes didactylus,Pilosa,Cyclopedidae,0
Myrmecophaga tridactyla,Pilosa,Myrmecophagidae,0
Tamandua mexicana,Pilosa,Myrmecophagidae,0
Tamandua tetradactyla,Pilosa,Myrmecophagidae,0
Alouatta arctoidea,Primates,Atelidae,0
Alouatta belzebul,Primates,Atelidae,0
Alouatta caraya,Primates,Atelidae,0
Alouatta discolor,Primates,Atelidae,0
Alouatta guariba,Primates,Atelidae,0
Alouatta juara,Primates,Atelidae,0
Alouatta macconnelli,Primates,Atelidae,0
Alouatta nigerrima,Primates,Atelidae,0
Alouatta palliata,Primates,Atelidae,0
Alouatta pigra,Primates,Atelidae,0
Alouatta puruensis,Primates,Atelidae,0
Alouatta sara,Primates,Atelidae,0
Alouatta seniculus,Primates,Atelidae,0
Alouatta ululata,Primates,Atelidae,0
Aotus azarae,Primates,Aotidae,0
Aotus brumbacki,Primates,Cebidae,0
Aotus griseimembra,Primates,Aotidae,0
Aotus jorgehernandezi,Primates,Aotidae,0
Aotus lemurinus,Primates,Aotidae,0
Aotus miconax,Primates,Aotidae,0
Aotus nancymaae,Primates,Aotidae,0
Aotus nigriceps,Primates,Aotidae,0
Aotus trivirgatus,Primates,Aotidae,0
Aotus vociferans,Primates,Aotidae,0
Aotus zonalis,Primates,Aotidae,0
Ateles belzebuth,Primates,Atelidae,0
Ateles chamek,Primates,Atelidae,0
Ateles fusciceps,Primates,Atelidae,0
Ateles geoffroyi,Primates,Atelidae,0
Ateles hybridus,Primates,Atelidae,0
Ateles marginatus,Primates,Atelidae,0
Ateles paniscus,Primates,Atelidae,0
Brachyteles arachnoides,Primates,Atelidae,0
Brachyteles hypoxanthus,Primates,Atelidae,0
Cacajao ayresi,Primates,Pitheciidae,0
Cacajao calvus,Primates,Pitheciidae,0
Cacajao hosomi,Primates,Pitheciidae,0
Cacajao melanocephalus,Primates,Pitheciidae,0
Callicebus baptista,Primates,Pitheciidae,0
Callicebus barbarabrownae,Primates,Pitheciidae,0
Callicebus bernhardi,Primates,Pitheciidae,0
Callicebus cinerascens,Primates,Pitheciidae,0
Callicebus coimbrai,Primates,Pitheciidae,0
Callicebus cupreus,Primates,Pitheciidae,0
Callicebus discolor,Primates,Pitheciidae,0
Callicebus dubius,Primates,Pitheciidae,0
Callicebus hoffmannsi,Primates,Pitheciidae,0
Callicebus lucifer,Primates,Pitheciidae,0
Callicebus lugens,Primates,Pitheciidae,0
Callicebus melanochir,Primates,Pitheciidae,0
Callicebus modestus,Primates,Pitheciidae,0
Callicebus moloch,Primates,Pitheciidae,0
Callicebus nigrifrons,Primates,Pitheciidae,0
Callicebus oenanthe,Primates,Pitheciidae,0
Callicebus olallae,Primates,Pitheciidae,0
Callicebus ornatus,Primates,Pitheciidae,0
Callicebus pallescens,Primates,Pitheciidae,0
Callicebus personatus,Primates,Pitheciidae,0
Callicebus regulus,Primates,Pitheciidae,0
Callicebus torquatus,Primates,Pitheciidae,0
Callimico goeldii,Primates,Cebidae,0
Callithrix acariensis,Primates,Cebidae,0
Callithrix aurita,Primates,Cebidae,0
Callithrix emiliae,Primates,Cebidae,0
Callithrix flaviceps,Primates,Cebidae,0
Callithrix geoffroyi,Primates,Cebidae,0
Callithrix humilis,Primates,Cebidae,0
Callithrix jacchus,Primates,Cebidae,0
Callithrix kuhlii,Primates,Cebidae,0
Callithrix leucippe,Primates,Cebidae,0
Callithrix marcai,Primates,Cebidae,0
Callithrix mauesi,Primates,Cebidae,0
Callithrix penicillata,Primates,Cebidae,0
Callithrix pygmaea,Primates,Cebidae,0
Callithrix saterei,Primates,Cebidae,0
Cebuella niveiventris,Primates,Callitrichidae,0
Cebus aequatorialis,Primates,Cebidae,0
Cebus albifrons,Primates,Cebidae,0
Cebus apella,Primates,Cebidae,0
Cebus capucinus,Primates,Cebidae,0
Cebus castaneus,Primates,Cebidae,0
Cebus cesarae,Primates,Cebidae,0
Cebus cuscinus,Primates,Cebidae,0
Cebus imitator,Primates,Cebidae,0
Cebus kaapori,Primates,Cebidae,0
Cebus leucocephalus,Primates,Cebidae,0
Cebus libidinosus,Primates,Cebidae,0
Cebus malitiosus,Primates,Cebidae,0
Cebus nigritus,Primates,Cebidae,0
Cebus olivaceus,Primates,Cebidae,0
Cebus unicolor,Primates,Cebidae,0
Cebus xanthosternos,Primates,Cebidae,0
Cebus yuracus,Primates,Cebidae,0
Cercopithecus mona,Primates,Cercopithecidae,0
Cheracebus medemi,Primates,Pitheciidae,0
Cheracebus purinus,Primates,Pitheciidae,0
Chiropotes albinasus,Primates,Pitheciidae,0
Chiropotes chiropotes,Primates,Pitheciidae,0
Chiropotes satanas,Primates,Pitheciidae,0
Chiropotes utahickae,Primates,Pitheciidae,0
Erythrocebus patas,Primates,Cercopithecidae,0
Lagothrix flavicauda,Primates,Cebidae,0
Lagothrix lagothricha,Primates,Cebidae,0
Leontocebus cruzlimai,Primates,Callitrichidae,0
Leontocebus fuscus,Primates,Callitrichidae,0
Leontocebus illigeri,Primates,Callitrichidae,0
Leontocebus lagonotus,Primates,Callitrichidae,0
Leontocebus leucogenys,Primates,Callitrichidae,0
Leontocebus nigrifrons,Primates,Callitrichidae,0
Leontocebus weddelli,Primates,Callitrichidae,0
Leontopithecus caissara,Primates,Cebidae,0
Leontopithecus chrysomelas,Primates,Cebidae,0
Leontopithecus chrysopygus,Primates,Cebidae,0
Leontopithecus rosalia,Primates,Cebidae,0
Macaca mulatta,Primates,Cercopithecidae,0
Mico argentatus,Primates,Callitrichidae,0
Mico chrysoleucos,Primates,Callitrichidae,0
Mico humeralifer,Primates,Callitrichidae,0
Mico intermedius,Primates,Callitrichidae,0
Mico melanurus,Primates,Callitrichidae,0
Mico nigriceps,Primates,Callitrichidae,0
Mico rondoni,Primates,Callitrichidae,0
Pithecia aequatorialis,Primates,Pitheciidae,0
Pithecia albicans,Primates,Pitheciidae,0
Pithecia cazuzai,Primates,Pitheciidae,0
Pithecia chrysocephala,Primates,Pitheciidae,0
Pithecia hirsuta,Primates,Pitheciidae,0
Pithecia inusta,Primates,Pitheciidae,0
Pithecia irrorata,Primates,Pitheciidae,0
Pithecia isabela,Primates,Pitheciidae,0
Pithecia milleri,Primates,Pitheciidae,0
Pithecia mittermeieri,Primates,Pitheciidae,0
Pithecia monachus,Primates,Pitheciidae,0
Pithecia napensis,Primates,Pitheciidae,0
Pithecia pissinattii,Primates,Pitheciidae,0
Pithecia pithecia,Primates,Pitheciidae,0
Pithecia rylandsi,Primates,Pitheciidae,0
Pithecia vanzolinii,Primates,Pitheciidae,0
Plecturocebus aureipalatii,Primates,Pitheciidae,0
Plecturocebus brunneus,Primates,Pitheciidae,0
Plecturocebus caligatus,Primates,Pitheciidae,0
Plecturocebus caquetensis,Primates,Pitheciidae,0
Plecturocebus donacophilus,Primates,Pitheciidae,0
Plecturocebus grovesi,Primates,Pitheciidae,0
Plecturocebus miltoni,Primates,Pitheciidae,0
Plecturocebus parecis,Primates,Pitheciidae,0
Plecturocebus stephennashi,Primates,Pitheciidae,0
Plecturocebus toppini,Primates,Pitheciidae,0
Plecturocebus urubambensis,Primates,Pitheciidae,0
Plecturocebus vieirai,Primates,Pitheciidae,0
Saguinus bicolor,Primates,Cebidae,0
Saguinus fuscicollis,Primates,Cebidae,0
Saguinus geoffroyi,Primates,Cebidae,0
Saguinus imperator,Primates,Cebidae,0
Saguinus inustus,Primates,Cebidae,0
Saguinus labiatus,Primates,Cebidae,0
Saguinus leucopus,Primates,Cebidae,0
Saguinus martinsi,Primates,Cebidae,0
Saguinus melanoleucus,Primates,Cebidae,0
Saguinus midas,Primates,Cebidae,0
Saguinus mystax,Primates,Cebidae,0
Saguinus niger,Primates,Cebidae,0
Saguinus nigricollis,Primates,Cebidae,0
Saguinus oedipus,Primates,Cebidae,0
Saguinus tripartitus,Primates,Cebidae,0
Saguinus ursulus,Primates,Cebidae,0
Saimiri boliviensis,Primates,Cebidae,0
Saimiri cassiquiarensis,Primates,Cebidae,0
Saimiri collinsi,Primates,Cebidae,0
Saimiri oerstedii,Primates,Cebidae,0
Saimiri sciureus,Primates,Cebidae,0
Saimiri ustus,Primates,Cebidae,0
Saimiri vanzolinii,Primates,Cebidae,0
Sapajus cay,Primates,Cebidae,0
Sapajus flavius,Primates,Cebidae,0
Sapajus robustus,Primates,Cebidae,0
Abrawayaomys chebezi,Rodentia,Cricetidae,0
Abrawayaomys ruschii,Rodentia,Cricetidae,0
Abrocoma bennettii,Rodentia,Abrocomidae,0
Abrocoma boliviensis,Rodentia,Abrocomidae,0
Abrocoma budini,Rodentia,Abrocomidae,0
Abrocoma cinerea,Rodentia,Abrocomidae,0
Abrocoma famatina,Rodentia,Abrocomidae,0
Abrocoma shistacea,Rodentia,Abrocomidae,0
Abrocoma uspallata,Rodentia,Abrocomidae,0
Abrocoma vaccarum,Rodentia,Abrocomidae,0
Abrothrix andinus,Rodentia,Cricetidae,0
Abrothrix illutea,Rodentia,Cricetidae,0
Abrothrix jelskii,Rodentia,Cricetidae,0
Abrothrix lanosus,Rodentia,Cricetidae,0
Abrothrix longipilis,Rodentia,Cricetidae,0
Abrothrix manni,Rodentia,Cricetidae,0
Abrothrix olivaceus,Rodentia,Cricetidae,0
Abrothrix sanborni,Rodentia,Cricetidae,0
Aconaemys fuscus,Rodentia,Octodontidae,0
Aconaemys porteri,Rodentia,Octodontidae,0
Aconaemys sagei,Rodentia,Octodontidae,0
Aepeomys lugens,Rodentia,Cricetidae,0
Aepeomys reigi,Rodentia,Cricetidae,0
Agouti paca,Rodentia,Agoutidae,0
Akodon aerosus,Rodentia,Cricetidae,0
Akodon affinis,Rodentia,Cricetidae,0
Akodon albiventer,Rodentia,Cricetidae,0
Akodon azarae,Rodentia,Cricetidae,0
Akodon bogotensis,Rodentia,Cricetidae,0
Akodon boliviensis,Rodentia,Cricetidae,0
Akodon budini,Rodentia,Cricetidae,0
Akodon caenosus,Rodentia,Cricetidae,0
Akodon cursor,Rodentia,Cricetidae,0
Akodon dayi,Rodentia,Cricetidae,0
Akodon dolores,Rodentia,Cricetidae,0
Akodon fumeus,Rodentia,Cricetidae,0
Akodon iniscatus,Rodentia,Cricetidae,0
Akodon juninensis,Rodentia,Cricetidae,0
Akodon kofordi,Rodentia,Cricetidae,0
Akodon latebricola,Rodentia,Cricetidae,0
Akodon lindberghi,Rodentia,Cricetidae,0
Akodon lutescens,Rodentia,Cricetidae,0
Akodon mimus,Rodentia,Cricetidae,0
Akodon molinae,Rodentia,Cricetidae,0
Akodon mollis,Rodentia,Cricetidae,0
Akodon montensis,Rodentia,Cricetidae,0
Akodon mystax,Rodentia,Cricetidae,0
Akodon orophilus,Rodentia,Cricetidae,0
Akodon paranaensis,Rodentia,Cricetidae,0
Akodon pervalens,Rodentia,Cricetidae,0
Akodon philipmyersi,Rodentia,Cricetidae,0
Akodon polopi,Rodentia,Cricetidae,0
Akodon reigi,Rodentia,Cricetidae,0
Akodon sanctipaulensis,Rodentia,Cricetidae,0
Akodon serrensis,Rodentia,Cricetidae,0
Akodon siberiae,Rodentia,Cricetidae,0
Akodon simulator,Rodentia,Cricetidae,0
Akodon spegazzinii,Rodentia,Cricetidae,0
Akodon subfuscus,Rodentia,Cricetidae,0
Akodon surdus,Rodentia,Cricetidae,0
Akodon sylvanus,Rodentia,Cricetidae,0
Akodon toba,Rodentia,Cricetidae,0
Akodon torques,Rodentia,Cricetidae,0
Akodon varius,Rodentia,Cricetidae,0
Ammospermophilus leucurus,Rodentia,Sciuridae,0
Amphinectomys savamis,Rodentia,Cricetidae,0
Andalgalomys olrogi,Rodentia,Cricetidae,0
Andalgalomys pearsoni,Rodentia,Cricetidae,0
Andinomys edax,Rodentia,Cricetidae,0
Anotomys leander,Rodentia,Cricetidae,0
Atopogale cubana,Rodentia,Solenodontidae,0
Auliscomys boliviensis,Rodentia,Cricetidae,0
Auliscomys pictus,Rodentia,Cricetidae,0
Auliscomys sublimis,Rodentia,Cricetidae,0
Baiomys musculus,Rodentia,Cricetidae,0
Baiomys taylori,Rodentia,Cricetidae,0
Bibimys chacoensis,Rodentia,Cricetidae,0
Bibimys labiosus,Rodentia,Cricetidae,0
Bibimys torresi,Rodentia,Cricetidae,0
Blarinomys breviceps,Rodentia,Cricetidae,0
Brotomys voratus,Rodentia,Echimyidae,0
Brucepattersonius griserufescens,Rodentia,Cricetidae,0
Brucepattersonius guarani,Rodentia,Cricetidae,0
Brucepattersonius igniventris,Rodentia,Cricetidae,0
Brucepattersonius iheringi,Rodentia,Cricetidae,0
Brucepattersonius misionensis,Rodentia,Cricetidae,0
Brucepattersonius paradisus,Rodentia,Cricetidae,0
Brucepattersonius soricinus,Rodentia,Cricetidae,0
Callistomys pictus,Rodentia,Echimyidae,0
Calomys boliviae,Rodentia,Cricetidae,0
Calomys callidus,Rodentia,Cricetidae,0
Calomys callosus,Rodentia,Cricetidae,0
Calomys expulsus,Rodentia,Cricetidae,0
Calomys fecundus,Rodentia,Cricetidae,0
Calomys hummelincki,Rodentia,Cricetidae,0
Calomys laucha,Rodentia,Cricetidae,0
Calomys lepidus,Rodentia,Cricetidae,0
Calomys musculinus,Rodentia,Cricetidae,0
Calomys sorellus,Rodentia,Cricetidae,0
Calomys tener,Rodentia,Cricetidae,0
Calomys tocantinsi,Rodentia,Cricetidae,0
Calomys venustus,Rodentia,Cricetidae,0
Capromys pilorides,Rodentia,Capromyidae,0
Carterodon sulcidens,Rodentia,Echimyidae,0
Cavia aperea,Rodentia,Caviidae,0
Cavia fulgida,Rodentia,Caviidae,0
Cavia intermedia,Rodentia,Caviidae,0
Cavia magna,Rodentia,Caviidae,0
Cavia patzelti,Rodentia,Caviidae,0
Cavia porcellus,Rodentia,Caviidae,1
Cavia tschudii,Rodentia,Caviidae,0
Chaetodipus ammophilus,Rodentia,Heteromyidae,0
Chaetodipus arenarius,Rodentia,Heteromyidae,0
Chaetodipus artus,Rodentia,Heteromyidae,0
Chaetodipus goldmani,Rodentia,Heteromyidae,0
Chaetodipus hispidus,Rodentia,Heteromyidae,0
Chaetodipus lineatus,Rodentia,Heteromyidae,0
Chaetodipus pernix,Rodentia,Heteromyidae,0
Chaetodipus rudinoris,Rodentia,Heteromyidae,0
Chaetodipus spinatus,Rodentia,Heteromyidae,0
Chaetomys subspinosus,Rodentia,Erethizontidae,0
Chelemys macronyx,Rodentia,Cricetidae,0
Chelemys megalonyx,Rodentia,Cricetidae,0
Chibchanomys orcesi,Rodentia,Cricetidae,0
Chibchanomys trichotis,Rodentia,Cricetidae,0
Chilomys instans,Rodentia,Cricetidae,0
Chinchilla chinchilla,Rodentia,Chinchillidae,0
Chinchilla lanigera,Rodentia,Chinchillidae,0
Chinchillula sahamae,Rodentia,Cricetidae,0
Clyomys laticeps,Rodentia,Echimyidae,0
Coendou baturitensis,Rodentia,Erethizontidae,0
Coendou bicolor,Rodentia,Erethizontidae,0
Coendou mexicanus,Rodentia,Erethizontidae,0
Coendou nycthemera,Rodentia,Erethizontidae,0
Coendou prehensilis,Rodentia,Erethizontidae,0
Coendou quichua,Rodentia,Erethizontidae,0
Coendou speratus,Rodentia,Erethizontidae,0
Coendou spinosus,Rodentia,Erethizontidae,0
Cratogeomys fulvescens,Rodentia,Geomyidae,0
Cratogeomys merriami,Rodentia,Geomyidae,0
Cratogeomys perotensis,Rodentia,Geomyidae,0
Cratogeomys planiceps,Rodentia,Geomyidae,0
Cryptonanus agricolai,Rodentia,Geomyidae,0
Ctenomys argentinus,Rodentia,Ctenomyidae,0
Ctenomys azarae,Rodentia,Ctenomyidae,0
Ctenomys bergi,Rodentia,Ctenomyidae,0
Ctenomys boliviensis,Rodentia,Ctenomyidae,0
Ctenomys bonettoi,Rodentia,Ctenomyidae,0
Ctenomys brasiliensis,Rodentia,Ctenomyidae,0
Ctenomys colburni,Rodentia,Ctenomyidae,0
Ctenomys coludo,Rodentia,Ctenomyidae,0
Ctenomys conoveri,Rodentia,Ctenomyidae,0
Ctenomys coyhaiquensis,Rodentia,Ctenomyidae,0
Ctenomys dorbignyi,Rodentia,Ctenomyidae,0
Ctenomys dorsalis,Rodentia,Ctenomyidae,0
Ctenomys emilianus,Rodentia,Ctenomyidae,0
Ctenomys famosus,Rodentia,Ctenomyidae,0
Ctenomys fochi,Rodentia,Ctenomyidae,0
Ctenomys fodax,Rodentia,Ctenomyidae,0
Ctenomys frater,Rodentia,Ctenomyidae,0
Ctenomys fulvus,Rodentia,Ctenomyidae,0
Ctenomys goodfellowi,Rodentia,Ctenomyidae,0
Ctenomys haigi,Rodentia,Ctenomyidae,0
Ctenomys ibicuiensis,Rodentia,Ctenomyidae,0
Ctenomys johannis,Rodentia,Ctenomyidae,0
Ctenomys juris,Rodentia,Ctenomyidae,0
Ctenomys knighti,Rodentia,Ctenomyidae,0
Ctenomys latro,Rodentia,Ctenomyidae,0
Ctenomys leucodon,Rodentia,Ctenomyidae,0
Ctenomys lewisi,Rodentia,Ctenomyidae,0
Ctenomys magellanicus,Rodentia,Ctenomyidae,0
Ctenomys maulinus,Rodentia,Ctenomyidae,0
Ctenomys mendocinus,Rodentia,Ctenomyidae,0
Ctenomys minutus,Rodentia,Ctenomyidae,0
Ctenomys occultus,Rodentia,Ctenomyidae,0
Ctenomys opimus,Rodentia,Ctenomyidae,0
Ctenomys osvaldoreigi,Rodentia,Ctenomyidae,0
Ctenomys pearsoni,Rodentia,Ctenomyidae,0
Ctenomys perrensi,Rodentia,Ctenomyidae,0
Ctenomys peruanus,Rodentia,Ctenomyidae,0
Ctenomys pilarensis,Rodentia,Ctenomyidae,0
Ctenomys pontifex,Rodentia,Ctenomyidae,0
Ctenomys porteousi,Rodentia,Ctenomyidae,0
Ctenomys pundti,Rodentia,Ctenomyidae,0
Ctenomys rionegrensis,Rodentia,Ctenomyidae,0
Ctenomys roigi,Rodentia,Ctenomyidae,0
Ctenomys saltarius,Rodentia,Ctenomyidae,0
Ctenomys scagliai,Rodentia,Ctenomyidae,0
Ctenomys sericeus,Rodentia,Ctenomyidae,0
Ctenomys sociabilis,Rodentia,Ctenomyidae,0
Ctenomys steinbachi,Rodentia,Ctenomyidae,0
Ctenomys talarum,Rodentia,Ctenomyidae,0
Ctenomys torquatus,Rodentia,Ctenomyidae,0
Ctenomys tuconax,Rodentia,Ctenomyidae,0
Ctenomys tucumanus,Rodentia,Ctenomyidae,0
Ctenomys tulduco,Rodentia,Ctenomyidae,0
Ctenomys validus,Rodentia,Ctenomyidae,0
Ctenomys viperinus,Rodentia,Ctenomyidae,0
Ctenomys yolandae,Rodentia,Ctenomyidae,0
Cuniculus taczanowskii,Rodentia,Cuniculidae,0
Cuscomys ashaninka,Rodentia,Abrocomidae,0
Cuscomys oblativa,Rodentia,Abrocomidae,0
Dactylomys boliviensis,Rodentia,Echimyidae,0
Dactylomys dactylinus,Rodentia,Echimyidae,0
Dactylomys peruanus,Rodentia,Echimyidae,0
Dasyprocta azarae,Rodentia,Dasyproctidae,0
Dasyprocta coibae,Rodentia,Dasyproctidae,0
Dasyprocta croconota,Rodentia,Dasyproctidae,0
Dasyprocta fuliginosa,Rodentia,Dasyproctidae,0
Dasyprocta guamara,Rodentia,Dasyproctidae,0
Dasyprocta iacki,Rodentia,Dasyproctidae,0
Dasyprocta kalinowskii,Rodentia,Dasyproctidae,0
Dasyprocta leporina,Rodentia,Dasyproctidae,0
Dasyprocta mexicana,Rodentia,Dasyproctidae,0
Dasyprocta prymnolopha,Rodentia,Dasyproctidae,0
Dasyprocta punctata,Rodentia,Dasyproctidae,0
Dasyprocta ruatanica,Rodentia,Dasyproctidae,0
Dasyprocta variegata,Rodentia,Dasyproctidae,0
Delomys collinus,Rodentia,Cricetidae,0
Delomys dorsalis,Rodentia,Cricetidae,0
Delomys sublineatus,Rodentia,Cricetidae,0
Deltamys kempi,Rodentia,Cricetidae,0
Dinomys branickii,Rodentia,Dinomyidae,0
Diplomys caniceps,Rodentia,Echimyidae,0
Diplomys labilis,Rodentia,Echimyidae,0
Diplomys rufodorsalis,Rodentia,Echimyidae,0
Dipodomys merriami,Rodentia,Heteromyidae,0
Dipodomys ordii,Rodentia,Heteromyidae,0
Dipodomys phillipsii,Rodentia,Heteromyidae,0
Dolichotis patagonum,Rodentia,Caviidae,0
Dolichotis salinicola,Rodentia,Caviidae,0
Echimys chrysurus,Rodentia,Echimyidae,0
Echimys rhipidurus,Rodentia,Echimyidae,0
Echimys saturnus,Rodentia,Echimyidae,0
Echimys semivillosus,Rodentia,Echimyidae,0
Echimys vieirai,Rodentia,Echimyidae,0
Echinoprocta rufescens,Rodentia,Erethizontidae,0
Eligmodontia moreni,Rodentia,Cricetidae,0
Eligmodontia morgani,Rodentia,Cricetidae,0
Eligmodontia puerulus,Rodentia,Cricetidae,0
Eligmodontia typus,Rodentia,Cricetidae,0
Erethizon dorsatum,Rodentia,Erethizontidae,0
Euneomys chinchilloides,Rodentia,Cricetidae,0
Euneomys fossor,Rodentia,Cricetidae,0
Euneomys mordax,Rodentia,Cricetidae,0
Euneomys petersoni,Rodentia,Cricetidae,0
Euryoryzomys emmonsae,Rodentia,Cricetidae,0
Euryoryzomys nitidus,Rodentia,Cricetidae,0
Euryzygomatomys spinosus,Rodentia,Echimyidae,0
Galea comes,Rodentia,Caviidae,0
Galea flavidens,Rodentia,Caviidae,0
Galea leucoblephara,Rodentia,Caviidae,0
Galea musteloides,Rodentia,Caviidae,0
Galea spixii,Rodentia,Caviidae,0
Galenomys garleppi,Rodentia,Cricetidae,0
Geocapromys brownii,Rodentia,Capromyidae,0
Geocapromys ingrahami,Rodentia,Capromyidae,0
Geomys tropicalis,Rodentia,Geomyidae,0
Geoxus valdivianus,Rodentia,Cricetidae,0
Glaucomys volans,Rodentia,Sciuridae,0
Graomys chacoensis,Rodentia,Cricetidae,0
Graomys domorum,Rodentia,Cricetidae,0
Graomys edithae,Rodentia,Cricetidae,0
Graomys griseoflavus,Rodentia,Cricetidae,0
Habromys chinanteco,Rodentia,Cricetidae,0
Habromys delicatulus,Rodentia,Cricetidae,0
Habromys ixtlani,Rodentia,Cricetidae,0
Habromys lepturus,Rodentia,Cricetidae,0
Habromys lophurus,Rodentia,Cricetidae,0
Habromys schmidlyi,Rodentia,Cricetidae,0
Habromys simulatus,Rodentia,Cricetidae,0
Handleyomys fuscatus,Rodentia,Cricetidae,0
Handleyomys intectus,Rodentia,Cricetidae,0
Handleyomys rhabdops,Rodentia,Cricetidae,0
Heteromys anomalus,Rodentia,Heteromyidae,0
Heteromys australis,Rodentia,Heteromyidae,0
Heteromys catopterius,Rodentia,Heteromyidae,0
Heteromys desmarestianus,Rodentia,Heteromyidae,0
Heteromys gaumeri,Rodentia,Heteromyidae,0
Heteromys nelsoni,Rodentia,Heteromyidae,0
Heteromys oasicus,Rodentia,Heteromyidae,0
Heteromys oresterus,Rodentia,Heteromyidae,0
Heteromys teleus,Rodentia,Heteromyidae,0
Hodomys alleni,Rodentia,Cricetidae,0
Holochilus brasiliensis,Rodentia,Cricetidae,0
Holochilus chacarius,Rodentia,Cricetidae,0
Holochilus sciureus,Rodentia,Cricetidae,0
Hoplomys gymnurus,Rodentia,Echimyidae,0
Hydrochoerus hydrochaeris,Rodentia,Caviidae,0
Hydrochoerus isthmius,Rodentia,Caviidae,0
Ichthyomys hydrobates,Rodentia,Cricetidae,0
Ichthyomys pittieri,Rodentia,Cricetidae,0
Ichthyomys stolzmanni,Rodentia,Cricetidae,0
Ichthyomys tweedii,Rodentia,Cricetidae,0
Irenomys tarsalis,Rodentia,Cricetidae,0
Isothrix barbarabrownae,Rodentia,Echimyidae,0
Isothrix bistriata,Rodentia,Echimyidae,0
Isothrix negrensis,Rodentia,Echimyidae,0
Isothrix orinoci,Rodentia,Echimyidae,0
Isothrix pagurus,Rodentia,Echimyidae,0
Isothrix sinnamariensis,Rodentia,Echimyidae,0
Isthmomys flavidus,Rodentia,Cricetidae,0
Isthmomys pirrensis,Rodentia,Cricetidae,0
Juliomys pictipes,Rodentia,Cricetidae,0
Juliomys rimofrons,Rodentia,Cricetidae,0
Juscelinomys huanchacae,Rodentia,Cricetidae,0
Kannabateomys amblyonyx,Rodentia,Echimyidae,0
Kerodon acrobata,Rodentia,Caviidae,0
Kerodon rupestris,Rodentia,Caviidae,0
Kunsia fronto,Rodentia,Cricetidae,0
Kunsia tomentosus,Rodentia,Cricetidae,0
Lagidium ahuacaense,Rodentia,Chinchillidae,0
Lagidium viscacia,Rodentia,Chinchillidae,0
Lagidium wolffsohni,Rodentia,Chinchillidae,0
Lagostomus maximus,Rodentia,Chinchillidae,0
Lenoxus apicalis,Rodentia,Cricetidae,0
Liomys adspersus,Rodentia,Heteromyidae,0
Liomys irroratus,Rodentia,Heteromyidae,0
Liomys pictus,Rodentia,Heteromyidae,0
Liomys salvini,Rodentia,Heteromyidae,0
Liomys spectabilis,Rodentia,Heteromyidae,0
Lonchothrix emiliae,Rodentia,Echimyidae,0
Loxodontomys micropus,Rodentia,Cricetidae,0
Loxodontomys pikumche,Rodentia,Cricetidae,0
Lundomys molitor,Rodentia,Cricetidae,0
Makalata didelphoides,Rodentia,Echimyidae,0
Makalata macrura,Rodentia,Echimyidae,0
Makalata obscura,Rodentia,Echimyidae,0
Megadontomys cryophilus,Rodentia,Cricetidae,0
Megadontomys nelsoni,Rodentia,Cricetidae,0
Megadontomys thomasi,Rodentia,Cricetidae,0
Melanomys caliginosus,Rodentia,Cricetidae,0
Melanomys robustulus,Rodentia,Cricetidae,0
Melanomys zunigae,Rodentia,Cricetidae,0
Mesocapromys angelcabrerai,Rodentia,Capromyidae,0
Mesocapromys auritus,Rodentia,Capromyidae,0
Mesocapromys nanus,Rodentia,Capromyidae,0
Mesocapromys sanfelipensis,Rodentia,Capromyidae,0
Mesomys hispidus,Rodentia,Echimyidae,0
Mesomys leniceps,Rodentia,Echimyidae,0
Mesomys occultus,Rodentia,Echimyidae,0
Mesomys stimulax,Rodentia,Echimyidae,0
Microakodontomys transitorius,Rodentia,Cricetidae,0
Microcavia australis,Rodentia,Caviidae,0
Microcavia niata,Rodentia,Caviidae,0
Microcavia shiptoni,Rodentia,Caviidae,0
Microryzomys altissimus,Rodentia,Cricetidae,0
Microryzomys minutus,Rodentia,Cricetidae,0
Microsciurus alfari,Rodentia,Sciuridae,0
Microsciurus flaviventer,Rodentia,Sciuridae,0
Microsciurus mimulus,Rodentia,Sciuridae,0
Microsciurus santanderensis,Rodentia,Sciuridae,0
Microtus guatemalensis,Rodentia,Cricetidae,0
Microtus mexicanus,Rodentia,Cricetidae,0
Microtus oaxacensis,Rodentia,Cricetidae,0
Microtus quasiater,Rodentia,Cricetidae,0
Microtus umbrosus,Rodentia,Cricetidae,0
Mus musculus,Rodentia,Muridae,0
Myocastor coypus,Rodentia,Myocastoridae,0
Myoprocta acouchy,Rodentia,Dasyproctidae,0
Myoprocta pratti,Rodentia,Dasyproctidae,0
Mysateles melanurus,Rodentia,Capromyidae,0
Mysateles prehensilis,Rodentia,Capromyidae,0
Neacomys dubosti,Rodentia,Cricetidae,0
Neacomys guianae,Rodentia,Cricetidae,0
Neacomys minutus,Rodentia,Cricetidae,0
Neacomys musseri,Rodentia,Cricetidae,0
Neacomys paracou,Rodentia,Cricetidae,0
Neacomys pictus,Rodentia,Cricetidae,0
Neacomys spinosus,Rodentia,Cricetidae,0
Neacomys tenuipes,Rodentia,Cricetidae,0
Necromys amoenus,Rodentia,Cricetidae,0
Necromys benefactus,Rodentia,Cricetidae,0
Necromys lactens,Rodentia,Cricetidae,0
Necromys lasiurus,Rodentia,Cricetidae,0
Necromys lenguarum,Rodentia,Cricetidae,0
Necromys obscurus,Rodentia,Cricetidae,0
Necromys punctulatus,Rodentia,Cricetidae,0
Necromys temchuki,Rodentia,Cricetidae,0
Necromys urichi,Rodentia,Cricetidae,0
Nectomys apicalis,Rodentia,Cricetidae,0
Nectomys grandis,Rodentia,Cricetidae,0
Nectomys palmipes,Rodentia,Cricetidae,0
Nectomys rattus,Rodentia,Cricetidae,0
Nectomys squamipes,Rodentia,Cricetidae,0
Nelsonia goldmani,Rodentia,Cricetidae,0
Neotoma albigula,Rodentia,Cricetidae,0
Neotoma angustapalata,Rodentia,Cricetidae,0
Neotoma chrysomelas,Rodentia,Cricetidae,0
Neotoma floridana,Rodentia,Cricetidae,0
Neotoma lepida,Rodentia,Cricetidae,0
Neotoma leucodon,Rodentia,Cricetidae,0
Neotoma mexicana,Rodentia,Cricetidae,0
Neotoma micropus,Rodentia,Cricetidae,0
Neotoma nelsoni,Rodentia,Cricetidae,0
Neotoma phenax,Rodentia,Cricetidae,0
Neotomodon alstoni,Rodentia,Cricetidae,0
Neotomys ebriosus,Rodentia,Cricetidae,0
Nesoryzomys fernandinae,Rodentia,Cricetidae,0
Nesoryzomys narboroughi,Rodentia,Cricetidae,0
Nesoryzomys swarthi,Rodentia,Cricetidae,0
Neusticomys ferreirai,Rodentia,Cricetidae,0
Neusticomys monticolus,Rodentia,Cricetidae,0
Neusticomys mussoi,Rodentia,Cricetidae,0
Neusticomys oyapocki,Rodentia,Cricetidae,0
Neusticomys peruviensis,Rodentia,Cricetidae,0
Neusticomys venezuelae,Rodentia,Cricetidae,0
Notiomys edwardsii,Rodentia,Cricetidae,0
Notocitellus annulatus,Rodentia,Sciuridae,0
Nyctomys sumichrasti,Rodentia,Cricetidae,0
Ochrotomys nuttalli,Rodentia,Cricetidae,0
Octodon bridgesi,Rodentia,Octodontidae,0
Octodon degus,Rodentia,Octodontidae,0
Octodon lunatus,Rodentia,Octodontidae,0
Octodon pacificus,Rodentia,Octodontidae,0
Octodontomys gliroides,Rodentia,Octodontidae,0
Octomys mimax,Rodentia,Octodontidae,0
Oecomys auyantepui,Rodentia,Cricetidae,0
Oecomys bicolor,Rodentia,Cricetidae,0
Oecomys catherinae,Rodentia,Cricetidae,0
Oecomys cleberi,Rodentia,Cricetidae,0
Oecomys concolor,Rodentia,Cricetidae,0
Oecomys flavicans,Rodentia,Cricetidae,0
Oecomys mamorae,Rodentia,Cricetidae,0
Oecomys paricola,Rodentia,Cricetidae,0
Oecomys phaeotis,Rodentia,Cricetidae,0
Oecomys rex,Rodentia,Cricetidae,0
Oecomys roberti,Rodentia,Cricetidae,0
Oecomys rutilus,Rodentia,Cricetidae,0
Oecomys speciosus,Rodentia,Cricetidae,0
Oecomys superans,Rodentia,Cricetidae,0
Oecomys trinitatis,Rodentia,Cricetidae,0
Olallamys albicauda,Rodentia,Echimyidae,0
Olallamys edax,Rodentia,Echimyidae,0
Oligoryzomys andinus,Rodentia,Cricetidae,0
Oligoryzomys arenalis,Rodentia,Cricetidae,0
Oligoryzomys brendae,Rodentia,Cricetidae,0
Oligoryzomys chacoensis,Rodentia,Cricetidae,0
Oligoryzomys delticola,Rodentia,Cricetidae,0
Oligoryzomys destructor,Rodentia,Cricetidae,0
Oligoryzomys eliurus,Rodentia,Cricetidae,0
Oligoryzomys flavescens,Rodentia,Cricetidae,0
Oligoryzomys fornesi,Rodentia,Cricetidae,0
Oligoryzomys fulvescens,Rodentia,Cricetidae,0
Oligoryzomys griseolus,Rodentia,Cricetidae,0
Oligoryzomys longicaudatus,Rodentia,Cricetidae,0
Oligoryzomys magellanicus,Rodentia,Cricetidae,0
Oligoryzomys microtis,Rodentia,Cricetidae,0
Oligoryzomys moojeni,Rodentia,Cricetidae,0
Oligoryzomys nigripes,Rodentia,Cricetidae,0
Oligoryzomys rupestris,Rodentia,Cricetidae,0
Oligoryzomys stramineus,Rodentia,Cricetidae,0
Oligoryzomys vegetus,Rodentia,Cricetidae,0
Onychomys torridus,Rodentia,Cricetidae,0
Oreoryzomys balneator,Rodentia,Cricetidae,0
Orthogeomys cavator,Rodentia,Geomyidae,0
Orthogeomys cherriei,Rodentia,Geomyidae,0
Orthogeomys cuniculus,Rodentia,Geomyidae,0
Orthogeomys dariensis,Rodentia,Geomyidae,0
Orthogeomys grandis,Rodentia,Geomyidae,0
Orthogeomys heterodus,Rodentia,Geomyidae,0
Orthogeomys hispidus,Rodentia,Geomyidae,0
Orthogeomys lanius,Rodentia,Geomyidae,0
Orthogeomys underwoodi,Rodentia,Geomyidae,0
Oryzomys acritus,Rodentia,Cricetidae,0
Oryzomys albigularis,Rodentia,Cricetidae,0
Oryzomys auriventer,Rodentia,Cricetidae,0
Oryzomys bolivaris,Rodentia,Cricetidae,0
Oryzomys capita,Rodentia,Cricetidae,0
Oryzomys caracolus,Rodentia,Cricetidae,0
Oryzomys chapmani,Rodentia,Cricetidae,0
Oryzomys couesi,Rodentia,Cricetidae,0
Oryzomys devius,Rodentia,Cricetidae,0
Oryzomys dimidiatus,Rodentia,Cricetidae,0
Oryzomys galapagoensis,Rodentia,Cricetidae,0
Oryzomys gorgasi,Rodentia,Cricetidae,0
Oryzomys hammondi,Rodentia,Cricetidae,0
Oryzomys keaysi,Rodentia,Cricetidae,0
Oryzomys lamia,Rodentia,Cricetidae,0
Oryzomys laticeps,Rodentia,Cricetidae,0
Oryzomys legatus,Rodentia,Cricetidae,0
Oryzomys levipes,Rodentia,Cricetidae,0
Oryzomys macconnelli,Rodentia,Cricetidae,0
Oryzomys maracajuensis,Rodentia,Cricetidae,0
Oryzomys marinhus,Rodentia,Cricetidae,0
Oryzomys megacephalus,Rodentia,Cricetidae,0
Oryzomys melanotis,Rodentia,Cricetidae,0
Oryzomys meridensis,Rodentia,Cricetidae,0
Oryzomys oniscus,Rodentia,Muridae,0
Oryzomys palustris,Rodentia,Cricetidae,0
Oryzomys polius,Rodentia,Cricetidae,0
Oryzomys rostratus,Rodentia,Cricetidae,0
Oryzomys russatus,Rodentia,Cricetidae,0
Oryzomys saturatior,Rodentia,Cricetidae,0
Oryzomys scotti,Rodentia,Cricetidae,0
Oryzomys subflavus,Rodentia,Cricetidae,0
Oryzomys talamancae,Rodentia,Cricetidae,0
Oryzomys tatei,Rodentia,Cricetidae,0
Oryzomys xanthaeolus,Rodentia,Cricetidae,0
Oryzomys yunganus,Rodentia,Cricetidae,0
Osgoodomys banderanus,Rodentia,Cricetidae,0
Otonyctomys hatti,Rodentia,Cricetidae,0
Ototylomys phyllotis,Rodentia,Cricetidae,0
Oxymycterus amazonicus,Rodentia,Cricetidae,0
Oxymycterus angularis,Rodentia,Cricetidae,0
Oxymycterus caparoae,Rodentia,Cricetidae,0
Oxymycterus dasytrichus,Rodentia,Cricetidae,0
Oxymycterus delator,Rodentia,Cricetidae,0
Oxymycterus hiska,Rodentia,Cricetidae,0
Oxymycterus hispidus,Rodentia,Cricetidae,0
Oxymycterus hucucha,Rodentia,Cricetidae,0
Oxymycterus inca,Rodentia,Cricetidae,0
Oxymycterus josei,Rodentia,Cricetidae,0
Oxymycterus nasutus,Rodentia,Cricetidae,0
Oxymycterus paramensis,Rodentia,Cricetidae,0
Oxymycterus quaestor,Rodentia,Cricetidae,0
Oxymycterus roberti,Rodentia,Cricetidae,0
Oxymycterus rufus,Rodentia,Cricetidae,0
Oxymycterus wayku,Rodentia,Cricetidae,0
Pappogeomys bulleri,Rodentia,Geomyidae,0
Pattonomys carrikeri,Rodentia,Echimyidae,0
Pattonomys flavidus,Rodentia,Echimyidae,0
Pattonomys occasius,Rodentia,Echimyidae,0
Pattonomys punctatus,Rodentia,Echimyidae,0
Pearsonomys annectens,Rodentia,Cricetidae,0
Peromyscus attwateri,Rodentia,Cricetidae,0
Peromyscus aztecus,Rodentia,Cricetidae,0
Peromyscus beatae,Rodentia,Cricetidae,0
Peromyscus bullatus,Rodentia,Cricetidae,0
Peromyscus difficilis,Rodentia,Cricetidae,0
Peromyscus eremicus,Rodentia,Cricetidae,0
Peromyscus eva,Rodentia,Cricetidae,0
Peromyscus fraterculus,Rodentia,Cricetidae,0
Peromyscus furvus,Rodentia,Cricetidae,0
Peromyscus gossypinus,Rodentia,Cricetidae,0
Peromyscus grandis,Rodentia,Cricetidae,0
Peromyscus gratus,Rodentia,Cricetidae,0
Peromyscus guatemalensis,Rodentia,Cricetidae,0
Peromyscus gymnotis,Rodentia,Cricetidae,0
Peromyscus hylocetes,Rodentia,Cricetidae,0
Peromyscus leucopus,Rodentia,Cricetidae,0
Peromyscus levipes,Rodentia,Cricetidae,0
Peromyscus madrensis,Rodentia,Cricetidae,0
Peromyscus maniculatus,Rodentia,Cricetidae,0
Peromyscus mayensis,Rodentia,Cricetidae,0
Peromyscus megalops,Rodentia,Cricetidae,0
Peromyscus mekisturus,Rodentia,Cricetidae,0
Peromyscus melanocarpus,Rodentia,Cricetidae,0
Peromyscus melanophrys,Rodentia,Cricetidae,0
Peromyscus melanotis,Rodentia,Cricetidae,0
Peromyscus melanurus,Rodentia,Cricetidae,0
Peromyscus merriami,Rodentia,Cricetidae,0
Peromyscus mexicanus,Rodentia,Cricetidae,0
Peromyscus pectoralis,Rodentia,Cricetidae,0
Peromyscus perfulvus,Rodentia,Cricetidae,0
Peromyscus schmidlyi,Rodentia,Cricetidae,0
Peromyscus simulus,Rodentia,Cricetidae,0
Peromyscus spicilegus,Rodentia,Cricetidae,0
Peromyscus stirtoni,Rodentia,Cricetidae,0
Peromyscus winkelmanni,Rodentia,Cricetidae,0
Peromyscus yucatanicus,Rodentia,Cricetidae,0
Peromyscus zarhynchus,Rodentia,Cricetidae,0
Phaenomys ferrugineus,Rodentia,Cricetidae,0
Phyllomys blainvillii,Rodentia,Echimyidae,0
Phyllomys brasiliensis,Rodentia,Echimyidae,0
Phyllomys dasythrix,Rodentia,Echimyidae,0
Phyllomys kerri,Rodentia,Echimyidae,0
Phyllomys lamarum,Rodentia,Echimyidae,0
Phyllomys lundi,Rodentia,Echimyidae,0
Phyllomys mantiqueirensis,Rodentia,Echimyidae,0
Phyllomys medius,Rodentia,Echimyidae,0
Phyllomys nigrispinus,Rodentia,Echimyidae,0
Phyllomys pattoni,Rodentia,Echimyidae,0
Phyllomys sulinus,Rodentia,Echimyidae,0
Phyllomys thomasi,Rodentia,Echimyidae,0
Phyllomys unicolor,Rodentia,Echimyidae,0
Phyllotis alisosiensis,Rodentia,Cricetidae,0
Phyllotis amicus,Rodentia,Cricetidae,0
Phyllotis andium,Rodentia,Cricetidae,0
Phyllotis anitae,Rodentia,Cricetidae,0
Phyllotis bonariensis,Rodentia,Cricetidae,0
Phyllotis caprinus,Rodentia,Cricetidae,0
Phyllotis darwini,Rodentia,Cricetidae,0
Phyllotis definitus,Rodentia,Cricetidae,0
Phyllotis gerbillus,Rodentia,Muridae,0
Phyllotis haggardi,Rodentia,Cricetidae,0
Phyllotis limatus,Rodentia,Cricetidae,0
Phyllotis magister,Rodentia,Cricetidae,0
Phyllotis osgoodi,Rodentia,Cricetidae,0
Phyllotis osilae,Rodentia,Cricetidae,0
Phyllotis wolffsohni,Rodentia,Cricetidae,0
Phyllotis xanthopygus,Rodentia,Cricetidae,0
Plagiodontia aedium,Rodentia,Capromyidae,0
Podomys floridanus,Rodentia,Cricetidae,0
Podoxymys roraimae,Rodentia,Cricetidae,0
Proechimys brevicauda,Rodentia,Echimyidae,0
Proechimys canicollis,Rodentia,Echimyidae,0
Proechimys chrysaeolus,Rodentia,Echimyidae,0
Proechimys cuvieri,Rodentia,Echimyidae,0
Proechimys decumanus,Rodentia,Echimyidae,0
Proechimys echinothrix,Rodentia,Echimyidae,0
Proechimys gardneri,Rodentia,Echimyidae,0
Proechimys goeldii,Rodentia,Echimyidae,0
Proechimys guairae,Rodentia,Echimyidae,0
Proechimys guyannensis,Rodentia,Echimyidae,0
Proechimys hoplomyoides,Rodentia,Echimyidae,0
Proechimys kulinae,Rodentia,Echimyidae,0
Proechimys longicaudatus,Rodentia,Echimyidae,0
Proechimys mincae,Rodentia,Echimyidae,0
Proechimys oconnelli,Rodentia,Echimyidae,0
Proechimys pattoni,Rodentia,Echimyidae,0
Proechimys quadruplicatus,Rodentia,Echimyidae,0
Proechimys roberti,Rodentia,Echimyidae,0
Proechimys semispinosus,Rodentia,Echimyidae,0
Proechimys simonsi,Rodentia,Echimyidae,0
Proechimys steerei,Rodentia,Echimyidae,0
Proechimys trinitatis,Rodentia,Echimyidae,0
Pseudoryzomys simplex,Rodentia,Cricetidae,0
Punomys kofordi,Rodentia,Cricetidae,0
Punomys lemminus,Rodentia,Cricetidae,0
Rattus norvegicus,Rodentia,Muridae,0
Rattus rattus,Rodentia,Muridae,0
Reithrodon auritus,Rodentia,Cricetidae,0
Reithrodon typicus,Rodentia,Cricetidae,0
Reithrodontomys bakeri,Rodentia,Cricetidae,0
Reithrodontomys brevirostris,Rodentia,Cricetidae,0
Reithrodontomys burti,Rodentia,Cricetidae,0
Reithrodontomys chrysopsis,Rodentia,Cricetidae,0
Reithrodontomys creper,Rodentia,Cricetidae,0
Reithrodontomys darienensis,Rodentia,Cricetidae,0
Reithrodontomys fulvescens,Rodentia,Cricetidae,0
Reithrodontomys gracilis,Rodentia,Cricetidae,0
Reithrodontomys hirsutus,Rodentia,Cricetidae,0
Reithrodontomys humulis,Rodentia,Cricetidae,0
Reithrodontomys megalotis,Rodentia,Cricetidae,0
Reithrodontomys mexicanus,Rodentia,Cricetidae,0
Reithrodontomys microdon,Rodentia,Cricetidae,0
Reithrodontomys musseri,Rodentia,Cricetidae,0
Reithrodontomys paradoxus,Rodentia,Cricetidae,0
Reithrodontomys rodriguezi,Rodentia,Cricetidae,0
Reithrodontomys spectabilis,Rodentia,Cricetidae,0
Reithrodontomys sumichrasti,Rodentia,Cricetidae,0
Reithrodontomys tenuirostris,Rodentia,Cricetidae,0
Reithrodontomys zacatecae,Rodentia,Cricetidae,0
Rhagomys longilingua,Rodentia,Cricetidae,0
Rhagomys rufescens,Rodentia,Cricetidae,0
Rheomys mexicanus,Rodentia,Cricetidae,0
Rheomys raptor,Rodentia,Cricetidae,0
Rheomys thomasi,Rodentia,Cricetidae,0
Rheomys underwoodi,Rodentia,Cricetidae,0
Rhipidomys albujai,Rodentia,Cricetidae,0
Rhipidomys austrinus,Rodentia,Cricetidae,0
Rhipidomys cariri,Rodentia,Cricetidae,0
Rhipidomys caucensis,Rodentia,Cricetidae,0
Rhipidomys couesi,Rodentia,Cricetidae,0
Rhipidomys emiliae,Rodentia,Cricetidae,0
Rhipidomys fulviventer,Rodentia,Cricetidae,0
Rhipidomys gardneri,Rodentia,Cricetidae,0
Rhipidomys ipukensis,Rodentia,Cricetidae,0
Rhipidomys itoan,Rodentia,Cricetidae,0
Rhipidomys latimanus,Rodentia,Cricetidae,0
Rhipidomys leucodactylus,Rodentia,Cricetidae,0
Rhipidomys macconnelli,Rodentia,Cricetidae,0
Rhipidomys macrurus,Rodentia,Cricetidae,0
Rhipidomys mastacalis,Rodentia,Cricetidae,0
Rhipidomys modicus,Rodentia,Cricetidae,0
Rhipidomys nitela,Rodentia,Cricetidae,0
Rhipidomys ochrogaster,Rodentia,Cricetidae,0
Rhipidomys tribei,Rodentia,Cricetidae,0
Rhipidomys venezuelae,Rodentia,Cricetidae,0
Rhipidomys venustus,Rodentia,Cricetidae,0
Rhipidomys wetzeli,Rodentia,Cricetidae,0
Salinomys delicatus,Rodentia,Cricetidae,0
Scapteromys aquaticus,Rodentia,Cricetidae,0
Scapteromys tumidus,Rodentia,Cricetidae,0
Sciurillus pusillus,Rodentia,Sciuridae,0
Sciurus aestuans,Rodentia,Sciuridae,0
Sciurus arizonensis,Rodentia,Sciuridae,0
Sciurus aureogaster,Rodentia,Sciuridae,0
Sciurus colliaei,Rodentia,Sciuridae,0
Sciurus deppei,Rodentia,Sciuridae,0
Sciurus flammifer,Rodentia,Sciuridae,0
Sciurus gilvigularis,Rodentia,Sciuridae,0
Sciurus granatensis,Rodentia,Sciuridae,0
Sciurus ignitus,Rodentia,Sciuridae,0
Sciurus igniventris,Rodentia,Sciuridae,0
Sciurus nayaritensis,Rodentia,Sciuridae,0
Sciurus oculatus,Rodentia,Sciuridae,0
Sciurus pucheranii,Rodentia,Sciuridae,0
Sciurus pyrrhinus,Rodentia,Sciuridae,0
Sciurus richmondi,Rodentia,Sciuridae,0
Sciurus sanborni,Rodentia,Sciuridae,0
Sciurus spadiceus,Rodentia,Sciuridae,0
Sciurus stramineus,Rodentia,Sciuridae,0
Sciurus variegatoides,Rodentia,Sciuridae,0
Sciurus vulgaris,Rodentia,Sciuridae,0
Sciurus yucatanensis,Rodentia,Sciuridae,0
Scolomys melanops,Rodentia,Cricetidae,0
Scolomys ucayalensis,Rodentia,Cricetidae,0
Scotinomys teguina,Rodentia,Cricetidae,0
Scotinomys xerampelinus,Rodentia,Cricetidae,0
Sigmodon alleni,Rodentia,Cricetidae,0
Sigmodon alstoni,Rodentia,Cricetidae,0
Sigmodon arizonae,Rodentia,Cricetidae,0
Sigmodon fulviventer,Rodentia,Cricetidae,0
Sigmodon hirsutus,Rodentia,Cricetidae,0
Sigmodon hispidus,Rodentia,Cricetidae,0
Sigmodon inopinatus,Rodentia,Cricetidae,0
Sigmodon leucotis,Rodentia,Cricetidae,0
Sigmodon mascotensis,Rodentia,Cricetidae,0
Sigmodon peruanus,Rodentia,Cricetidae,0
Sigmodon toltecus,Rodentia,Cricetidae,0
Sigmodontomys alfari,Rodentia,Cricetidae,0
Sigmodontomys aphrastus,Rodentia,Cricetidae,0
Sooretamys angouya,Rodentia,Cricetidae,0
Spalacopus cyanus,Rodentia,Octodontidae,0
Spermophilus mexicanus,Rodentia,Sciuridae,0
Spermophilus variegatus,Rodentia,Sciuridae,0
Sphiggurus ichillus,Rodentia,Erethizontidae,0
Sphiggurus insidiosus,Rodentia,Erethizontidae,0
Sphiggurus melanurus,Rodentia,Erethizontidae,0
Sphiggurus pruinosus,Rodentia,Erethizontidae,0
Sphiggurus roosmalenorum,Rodentia,Erethizontidae,0
Sphiggurus vestitus,Rodentia,Erethizontidae,0
Syntheosciurus brochus,Rodentia,Sciuridae,0
Tamias bulleri,Rodentia,Sciuridae,0
Tapecomys primus,Rodentia,Cricetidae,0
Thalpomys cerradensis,Rodentia,Cricetidae,0
Thalpomys lasiotis,Rodentia,Cricetidae,0
Thaptomys nigrita,Rodentia,Cricetidae,0
Thomasomys andersoni,Rodentia,Cricetidae,0
Thomasomys apeco,Rodentia,Cricetidae,0
Thomasomys aureus,Rodentia,Cricetidae,0
Thomasomys auricularis,Rodentia,Cricetidae,0
Thomasomys australis,Rodentia,Cricetidae,0
Thomasomys baeops,Rodentia,Cricetidae,0
Thomasomys bombycinus,Rodentia,Cricetidae,0
Thomasomys caudivarius,Rodentia,Cricetidae,0
Thomasomys cinereiventer,Rodentia,Cricetidae,0
Thomasomys cinereus,Rodentia,Cricetidae,0
Thomasomys cinnameus,Rodentia,Cricetidae,0
Thomasomys contradictus,Rodentia,Cricetidae,0
Thomasomys daphne,Rodentia,Cricetidae,0
Thomasomys dispar,Rodentia,Cricetidae,0
Thomasomys eleusis,Rodentia,Cricetidae,0
Thomasomys emeritus,Rodentia,Cricetidae,0
Thomasomys erro,Rodentia,Cricetidae,0
Thomasomys fumeus,Rodentia,Cricetidae,0
Thomasomys gracilis,Rodentia,Cricetidae,0
Thomasomys hudsoni,Rodentia,Cricetidae,0
Thomasomys hylophilus,Rodentia,Cricetidae,0
Thomasomys incanus,Rodentia,Cricetidae,0
Thomasomys ischyrus,Rodentia,Cricetidae,0
Thomasomys kalinowskii,Rodentia,Cricetidae,0
Thomasomys ladewi,Rodentia,Cricetidae,0
Thomasomys laniger,Rodentia,Cricetidae,0
Thomasomys macrotis,Rodentia,Cricetidae,0
Thomasomys monochromos,Rodentia,Cricetidae,0
Thomasomys nicefori,Rodentia,Cricetidae,0
Thomasomys niveipes,Rodentia,Cricetidae,0
Thomasomys notatus,Rodentia,Cricetidae,0
Thomasomys onkiro,Rodentia,Cricetidae,0
Thomasomys oreas,Rodentia,Cricetidae,0
Thomasomys paramorum,Rodentia,Cricetidae,0
Thomasomys popayanus,Rodentia,Cricetidae,0
Thomasomys praetor,Rodentia,Cricetidae,0
Thomasomys princeps,Rodentia,Cricetidae,0
Thomasomys pyrrhonotus,Rodentia,Cricetidae,0
Thomasomys rosalinda,Rodentia,Cricetidae,0
Thomasomys silvestris,Rodentia,Cricetidae,0
Thomasomys taczanowskii,Rodentia,Cricetidae,0
Thomasomys ucucha,Rodentia,Cricetidae,0
Thomasomys vestitus,Rodentia,Cricetidae,0
Thomasomys vulcani,Rodentia,Cricetidae,0
Thomomys bottae,Rodentia,Geomyidae,0
Thomomys umbrinus,Rodentia,Geomyidae,0
Thrichomys apereoides,Rodentia,Echimyidae,0
Thrichomys inermis,Rodentia,Echimyidae,0
Thrichomys laurentius,Rodentia,Echimyidae,0
Thrichomys pachyurus,Rodentia,Echimyidae,0
Toromys grandis,Rodentia,Echimyidae,0
Trinomys albispinus,Rodentia,Echimyidae,0
Trinomys dimidiatus,Rodentia,Echimyidae,0
Trinomys eliasi,Rodentia,Echimyidae,0
Trinomys gratiosus,Rodentia,Echimyidae,0
Trinomys iheringi,Rodentia,Echimyidae,0
Trinomys mirapitanga,Rodentia,Echimyidae,0
Trinomys moojeni,Rodentia,Echimyidae,0
Trinomys paratus,Rodentia,Echimyidae,0
Trinomys setosus,Rodentia,Echimyidae,0
Trinomys yonenagae,Rodentia,Echimyidae,0
Tylomys bullaris,Rodentia,Cricetidae,0
Tylomys fulviventer,Rodentia,Cricetidae,0
Tylomys mirae,Rodentia,Cricetidae,0
Tylomys nudicaudus,Rodentia,Cricetidae,0
Tylomys panamensis,Rodentia,Cricetidae,0
Tylomys tumbalensis,Rodentia,Cricetidae,0
Tylomys watsoni,Rodentia,Cricetidae,0
Tympanoctomys aureus,Rodentia,Octodontidae,0
Tympanoctomys barrerae,Rodentia,Octodontidae,0
Tympanoctomys kirchnerorum,Rodentia,Octodontidae,0
Tympanoctomys loschalchalerosorum,Rodentia,Octodontidae,0
Wiedomys cerradensis,Rodentia,Cricetidae,0
Wiedomys pyrrhorhinos,Rodentia,Cricetidae,0
Wilfredomys oenax,Rodentia,Cricetidae,0
Xenomys nelsoni,Rodentia,Cricetidae,0
Xerospermophilus perotensis,Rodentia,Sciuridae,0
Zygodontomys brevicauda,Rodentia,Cricetidae,0
Zygodontomys brunneus,Rodentia,Cricetidae,0
Cryptotis alticola,Soricomorpha,Soricidae,0
Cryptotis aroensis,Soricomorpha,Soricidae,0
Cryptotis brachyonyx,Soricomorpha,Soricidae,0
Cryptotis cavatorculus,Soricomorpha,Soricidae,0
Cryptotis celaque,Soricomorpha,Soricidae,0
Cryptotis colombiana,Soricomorpha,Soricidae,0
Cryptotis dinirensis,Soricomorpha,Soricidae,0
Cryptotis endersi,Soricomorpha,Soricidae,0
Cryptotis equatoris,Soricomorpha,Soricidae,0
Cryptotis goldmani,Soricomorpha,Soricidae,0
Cryptotis goodwini,Soricomorpha,Soricidae,0
Cryptotis gracilis,Soricomorpha,Soricidae,0
Cryptotis griseoventris,Soricomorpha,Soricidae,0
Cryptotis hondurensis,Soricomorpha,Soricidae,0
Cryptotis lacertosus,Soricomorpha,Soricidae,0
Cryptotis magna,Soricomorpha,Soricidae,0
Cryptotis mam,Soricomorpha,Soricidae,0
Cryptotis mayensis,Soricomorpha,Soricidae,0
Cryptotis mccarthyi,Soricomorpha,Soricidae,0
Cryptotis medellinia,Soricomorpha,Soricidae,0
Cryptotis meridensis,Soricomorpha,Soricidae,0
Cryptotis merriami,Soricomorpha,Soricidae,0
Cryptotis merus,Soricomorpha,Soricidae,0
Cryptotis mexicana,Soricomorpha,Soricidae,0
Cryptotis montivaga,Soricomorpha,Soricidae,0
Cryptotis nelsoni,Soricomorpha,Soricidae,0
Cryptotis niausa,Soricomorpha,Soricidae,0
Cryptotis nigrescens,Soricomorpha,Soricidae,0
Cryptotis obscura,Soricomorpha,Soricidae,0
Cryptotis oreoryctes,Soricomorpha,Soricidae,0
Cryptotis orophila,Soricomorpha,Soricidae,0
Cryptotis parva,Soricomorpha,Soricidae,0
Cryptotis peregrina,Soricomorpha,Soricidae,0
Cryptotis perijensis,Soricomorpha,Soricidae,0
Cryptotis peruviensis,Soricomorpha,Soricidae,0
Cryptotis phillipsii,Soricomorpha,Soricidae,0
Cryptotis squamipes,Soricomorpha,Soricidae,0
Cryptotis tamensis,Soricomorpha,Soricidae,0
Cryptotis thomasi,Soricomorpha,Soricidae,0
Cryptotis tropicalis,Soricomorpha,Soricidae,0
Cryptotis venezuelensis,Soricomorpha,Soricidae,0
Megasorex gigas,Soricomorpha,Soricidae,0
Notiosorex evotis,Soricomorpha,Soricidae,0
Notiosorex villai,Soricomorpha,Soricidae,0
Scalopus aquaticus,Soricomorpha,Talpidae,0
Solenodon paradoxus,Soricomorpha,Solenodontidae,0
Sorex emarginatus,Soricomorpha,Soricidae,0
Sorex ixtlanensis,Soricomorpha,Soricidae,0
Sorex longirostris,Soricomorpha,Soricidae,0
Sorex macrodon,Soricomorpha,Soricidae,0
Sorex mediopua,Soricomorpha,Soricidae,0
Sorex milleri,Soricomorpha,Soricidae,0
Sorex neomexicanus,Soricomorpha,Soricidae,0
Sorex oreopolus,Soricomorpha,Soricidae,0
Sorex orizabae,Soricomorpha,Soricidae,0
Sorex saussurei,Soricomorpha,Soricidae,0
Sorex sclateri,Soricomorpha,Soricidae,0
Sorex stizodon,Soricomorpha,Soricidae,0
Sorex ventralis,Soricomorpha,Soricidae,0
Sorex veraecrucis,Soricomorpha,Soricidae,0
Sorex veraepacis,Soricomorpha,Soricidae,0